"fips","county","noticeBoard","website","feeds","directoryEvidence","reviewedAt","result"
"48001","Anderson","https://www.andersoncountytx.gov/page/notices-pr","https://www.andersoncountytx.gov/","","https://www.county.org/content-library/maps/counties/anderson-county","2026-09-11T18:47:12.227214+00:00","Reviewed"
"48003","Andrews","","https://www.co.andrews.tx.us/","","https://www.county.org/content-library/maps/counties/andrews-county","2026-09-11T18:47:12.227740+00:00","Reviewed"
"48005","Angelina","https://www.angelinacounty.net/pnotices/","https://www.angelinacounty.net/","","https://www.county.org/content-library/maps/counties/angelina-county","2026-09-11T18:47:12.228040+00:00","Reviewed"
"48007","Aransas","","https://www.aransascountytx.gov/main/","","https://www.county.org/content-library/maps/counties/aransas-county","2026-09-11T18:47:12.228263+00:00","Reviewed"
"48009","Archer","https://www.co.archer.tx.us/page/archer.Public.Notices","https://www.co.archer.tx.us/","","https://www.county.org/content-library/maps/counties/archer-county","2026-09-11T18:47:15.615172+00:00","Reviewed"
"48011","Armstrong","https://www.co.armstrong.tx.us/page/armstrong.PublicNotices","https://www.co.armstrong.tx.us/","https://newtools.cira.state.tx.us/page/calrss/41450/0/calendar.rss","https://www.county.org/content-library/maps/counties/armstrong-county","2026-09-11T18:47:16.921052+00:00","Reviewed"
"48013","Atascosa","https://co.atascosa.tx.us/public-notices/","https://co.atascosa.tx.us/","","https://www.county.org/content-library/maps/counties/atascosa-county","2026-09-11T18:47:18.518079+00:00","Reviewed"
"48015","Austin","https://www.austincounty.com/page/austin.Public.Notices","https://www.austincounty.com/","https://newtools.cira.state.tx.us/page/calrss/955/0/calendar.rss","https://www.county.org/content-library/maps/counties/austin-county","2026-09-11T18:47:21.765852+00:00","Reviewed"
"48017","Bailey","https://www.co.bailey.tx.us/page/bailey.PublicNoticesCalendar","https://www.co.bailey.tx.us/","https://newtools.cira.state.tx.us/page/calrss/27838/0/calendar.rss","https://www.county.org/content-library/maps/counties/bailey-county","2026-09-11T18:47:22.329045+00:00","Reviewed"
"48019","Bandera","","https://www.banderacounty.gov/","","https://www.county.org/content-library/maps/counties/bandera-county","2026-09-11T18:47:25.405843+00:00","Reviewed"
"48021","Bastrop","https://www.bastropcounty.gov/page/co.residents","https://www.bastropcounty.gov/","","https://www.county.org/content-library/maps/counties/bastrop-county","2026-09-11T18:47:26.917846+00:00","Reviewed"
"48023","Baylor","https://www.co.baylor.tx.us/page/baylor.Public.Notices","https://www.co.baylor.tx.us/","https://newtools.cira.state.tx.us/page/calrss/69601/0/calendar.rss","https://www.county.org/content-library/maps/counties/baylor-county","2026-09-11T18:47:27.061612+00:00","Reviewed"
"48025","Bee","","","","https://www.county.org/content-library/maps/counties/bee-county","2026-09-11T18:47:28.555580+00:00","URLError: <urlopen error [SSL: CERTIFICATE_VERIFY_FAILED] certificate verify failed: Hostname mismatch, certificate is n"
"48027","Bell","https://www.bellcountytx.com/publicnotice_detail_T3_R556.php","https://www.bellcountytx.com/","","https://www.county.org/content-library/maps/counties/bell-county","2026-09-11T18:47:28.701396+00:00","Reviewed"
"48029","Bexar","","https://www.bexar.org/","","https://www.county.org/content-library/maps/counties/bexar-county","2026-09-11T18:47:29.683474+00:00","Reviewed"
"48031","Blanco","https://www.blancocountytexas.gov/page/Public.NoticesCalendar","https://www.blancocountytexas.gov/","https://www.blancocountytexas.gov/page/calrss/1815/0/calendar.rss","https://www.county.org/content-library/maps/counties/blanco-county","2026-09-11T18:47:30.661729+00:00","Reviewed"
"48033","Borden","https://www.co.borden.tx.us/page/Calendar.publicnotices","https://www.co.borden.tx.us/","","https://www.county.org/content-library/maps/counties/borden-county","2026-09-11T18:47:30.879548+00:00","Reviewed"
"48035","Bosque","","https://www.bosquecounty.gov/","","https://www.county.org/content-library/maps/counties/bosque-county","2026-09-11T18:47:30.933937+00:00","Reviewed"
"48037","Bowie","","https://www.bowiecounty.org/","","https://www.county.org/content-library/maps/counties/bowie-county","2026-09-11T18:47:31.687092+00:00","Reviewed"
"48039","Brazoria","","https://brazoriacountytx.gov/","","https://www.county.org/content-library/maps/counties/brazoria-county","2026-09-11T18:47:32.592380+00:00","HTTPError: HTTP Error 403: Forbidden"
"48041","Brazos","","https://www.brazoscountytx.gov/","","https://www.county.org/content-library/maps/counties/brazos-county","2026-09-11T18:47:33.148829+00:00","Reviewed"
"48043","Brewster","https://www.brewstercounty.gov/page/public.notices","https://www.brewstercounty.gov/","","https://www.county.org/content-library/maps/counties/brewster-county","2026-09-11T18:47:33.436756+00:00","Reviewed"
"48045","Briscoe","https://www.co.briscoe.tx.us/page/briscoe.PublicNotices","https://www.co.briscoe.tx.us/","","https://www.county.org/content-library/maps/counties/briscoe-county","2026-09-11T18:47:33.750344+00:00","Reviewed"
"48047","Brooks","https://www.co.brooks.tx.us/page/brooks.Public.Notices.Calendar","https://www.co.brooks.tx.us/","https://newtools.cira.state.tx.us/page/calrss/41564/814/calendar.rss","https://www.county.org/content-library/maps/counties/brooks-county","2026-09-11T18:47:34.325303+00:00","Reviewed"
"48049","Brown","https://www.browncountytx.gov/page/brown.PublicNotices","https://www.browncountytx.gov/","https://newtools.cira.state.tx.us/page/calrss/3051/0/calendar.rss","https://www.county.org/content-library/maps/counties/brown-county","2026-09-11T18:47:34.945958+00:00","Reviewed"
"48051","Burleson","","https://www.burlesoncountytx.gov/","","https://www.county.org/content-library/maps/counties/burleson-county","2026-09-11T18:47:34.966665+00:00","Reviewed"
"48053","Burnet","","https://www.burnetcountytexas.org/","","https://www.county.org/content-library/maps/counties/burnet-county","2026-09-11T18:47:35.465664+00:00","Reviewed"
"48055","Caldwell","https://www.co.caldwell.tx.us/page/caldwell.County.News","https://www.co.caldwell.tx.us/","","https://www.county.org/content-library/maps/counties/caldwell-county","2026-09-11T18:47:36.283751+00:00","Reviewed"
"48057","Calhoun","https://www.calhouncotx.org/calhoun-county-public-notices-resolutions/","https://www.calhouncotx.org/","","https://www.county.org/content-library/maps/counties/calhoun-county","2026-09-11T18:47:36.740107+00:00","Reviewed"
"48059","Callahan","","https://www.callahancounty.org/","","https://www.county.org/content-library/maps/counties/callahan-county","2026-09-11T18:47:37.191854+00:00","Reviewed"
"48061","Cameron","","https://www.cameroncountytx.gov/","","https://www.county.org/content-library/maps/counties/cameron-county","2026-09-11T18:47:38.069308+00:00","Reviewed"
"48063","Camp","https://www.co.camp.tx.us/page/camp.PublicNotices","https://www.co.camp.tx.us/","","https://www.county.org/content-library/maps/counties/camp-county","2026-09-11T18:47:39.721333+00:00","Reviewed"
"48065","Carson","https://www.co.carson.tx.us/page/carson.Public.Notices","https://www.co.carson.tx.us/","https://newtools.cira.state.tx.us/page/calrss/35997/0/calendar.rss","https://www.county.org/content-library/maps/counties/carson-county","2026-09-11T18:47:46.316724+00:00","Reviewed"
"48067","Cass","https://www.co.cass.tx.us/page/cass.PublicNotices","https://www.co.cass.tx.us/","https://newtools.cira.state.tx.us/page/calrss/21766/0/calendar.rss","https://www.county.org/content-library/maps/counties/cass-county","2026-09-11T18:47:48.126590+00:00","Reviewed"
"48069","Castro","https://www.co.castro.tx.us/page/castro.PublicNotices","https://www.co.castro.tx.us/","https://newtools.cira.state.tx.us/page/calrss/4883/0/calendar.rss","https://www.county.org/content-library/maps/counties/castro-county","2026-09-11T18:47:49.271664+00:00","Reviewed"
"48071","Chambers","","https://www.chamberscountytx.gov/","","https://www.county.org/content-library/maps/counties/chambers-county","2026-09-11T18:47:50.759474+00:00","Reviewed"
"48073","Cherokee","","https://www.co.cherokee.tx.us/","","https://www.county.org/content-library/maps/counties/cherokee-county","2026-09-11T18:47:52.044039+00:00","HTTPError: HTTP Error 403: Forbidden"
"48075","Childress","https://www.childresstx.us/pages/public-notices","https://www.childresstx.us/","","https://www.county.org/content-library/maps/counties/childress-county","2026-09-11T18:47:58.019501+00:00","Reviewed"
"48077","Clay","https://www.claycountytx.net/legal-notice","https://www.claycountytx.net/","","https://www.county.org/content-library/maps/counties/clay-county","2026-09-11T18:48:03.367053+00:00","Reviewed"
"48079","Cochran","https://www.co.cochran.tx.us/page/cochran.PublicNotices","https://www.co.cochran.tx.us/","https://newtools.cira.state.tx.us/page/calrss/4972/0/calendar.rss","https://www.county.org/content-library/maps/counties/cochran-county","2026-09-11T18:48:03.779242+00:00","Reviewed"
"48081","Coke","https://www.co.coke.tx.us/page/coke.Public.Notices","https://www.co.coke.tx.us/","","https://www.county.org/content-library/maps/counties/coke-county","2026-09-11T18:48:04.671829+00:00","Reviewed"
"48083","Coleman","https://www.colemancounty.gov/page/Public.Notices","https://www.colemancounty.gov/","https://www.colemancounty.gov/page/calrss/1147/0/calendar.rss","https://www.county.org/content-library/maps/counties/coleman-county","2026-09-11T18:48:05.444712+00:00","Reviewed"
"48085","Collin","","https://www.collincountytx.gov/","","https://www.county.org/content-library/maps/counties/collin-county","2026-09-11T18:48:05.458141+00:00","Reviewed"
"48087","Collingsworth","https://www.co.collingsworth.tx.us/page/collingsworth.Public.Notices","https://www.co.collingsworth.tx.us/","https://newtools.cira.state.tx.us/page/calrss/30971/0/calendar.rss","https://www.county.org/content-library/maps/counties/collingsworth-county","2026-09-11T18:48:05.610526+00:00","Reviewed"
"48089","Colorado","","https://www.co.colorado.tx.us/","","https://www.county.org/content-library/maps/counties/colorado-county","2026-09-11T18:48:06.246425+00:00","Reviewed"
"48091","Comal","","https://www.comalcounty.gov/","","https://www.county.org/content-library/maps/counties/comal-county","2026-09-11T18:48:07.142212+00:00","Reviewed"
"48093","Comanche","","https://www.comanchecountytx.gov/","","https://www.county.org/content-library/maps/counties/comanche-county","2026-09-11T18:48:07.224755+00:00","Reviewed"
"48095","Concho","","https://www.co.concho.tx.us/","","https://www.county.org/content-library/maps/counties/concho-county","2026-09-11T18:48:07.265095+00:00","Reviewed"
"48097","Cooke","","https://www.co.cooke.tx.us/","","https://www.county.org/content-library/maps/counties/cooke-county","2026-09-11T18:48:07.475222+00:00","Reviewed"
"48099","Coryell","","https://www.coryellcounty.org/","","https://www.county.org/content-library/maps/counties/coryell-county","2026-09-11T18:48:08.672679+00:00","Reviewed"
"48101","Cottle","https://www.cottlecountytx.gov/page/Public.Notices","https://www.cottlecountytx.gov/","https://www.cottlecountytx.gov/page/calrss/1242/0/calendar.rss","https://www.county.org/content-library/maps/counties/cottle-county","2026-09-11T18:48:08.746794+00:00","Reviewed"
"48103","Crane","https://www.co.crane.tx.us/page/crane.Public.Notices.Calendar","https://www.co.crane.tx.us/","https://newtools.cira.state.tx.us/page/calrss/2159/0/calendar.rss","https://www.county.org/content-library/maps/counties/crane-county","2026-09-11T18:48:09.351792+00:00","Reviewed"
"48105","Crockett","https://www.co.crockett.tx.us/page/crockett.PublicNotices","https://www.co.crockett.tx.us/","https://newtools.cira.state.tx.us/page/calrss/66903/0/calendar.rss","https://www.county.org/content-library/maps/counties/crockett-county","2026-09-11T18:48:09.355777+00:00","Reviewed"
"48107","Crosby","https://www.co.crosby.tx.us/page/crosby.Public.Notices","https://www.co.crosby.tx.us/","","https://www.county.org/content-library/maps/counties/crosby-county","2026-09-11T18:48:10.060817+00:00","Reviewed"
"48109","Culberson","https://www.co.culberson.tx.us/page/PublicNotices","https://www.co.culberson.tx.us/","https://www.co.culberson.tx.us/page/calrss/1640/0/calendar.rss","https://www.county.org/content-library/maps/counties/culberson-county","2026-09-11T18:48:10.799697+00:00","Reviewed"
"48111","Dallam","","","","https://www.county.org/content-library/maps/counties/dallam-county","2026-09-11T18:48:10.850831+00:00","Reviewed"
"48113","Dallas","https://www.dallascounty.org/government/county-clerk/administration/official-and-legal-notices.php","https://www.dallascounty.org/","","https://www.county.org/content-library/maps/counties/dallas-county","2026-09-11T18:48:11.020641+00:00","Reviewed"
"48115","Dawson","https://www.co.dawson.tx.us/page/dawson.Public.Notices","https://www.co.dawson.tx.us/","https://newtools.cira.state.tx.us/page/calrss/5201/0/calendar.rss","https://www.county.org/content-library/maps/counties/dawson-county","2026-09-11T18:48:11.531019+00:00","Reviewed"
"48117","Deaf Smith","https://www.co.deaf-smith.tx.us/page/deafsmith.Public.Notices","https://www.co.deaf-smith.tx.us/","https://newtools.cira.state.tx.us/page/calrss/27695/0/calendar.rss","https://www.county.org/content-library/maps/counties/deaf-smith-county","2026-09-11T18:48:12.348694+00:00","Reviewed"
"48119","Delta","","https://www.deltacountytx.com/","","https://www.county.org/content-library/maps/counties/delta-county","2026-09-11T18:48:12.590698+00:00","HTTPError: HTTP Error 403: Forbidden"
"48121","Denton","https://www.dentoncounty.gov/AlertCenter.aspx","https://www.dentoncounty.gov/","","https://www.county.org/content-library/maps/counties/denton-county","2026-09-11T18:48:12.814270+00:00","Reviewed"
"48123","DeWitt","https://www.co.dewitt.tx.us/page/dewitt.Notices","https://www.co.dewitt.tx.us/","","https://www.county.org/content-library/maps/counties/dewitt-county","2026-09-11T18:48:13.074607+00:00","Reviewed"
"48125","Dickens","https://www.co.dickens.tx.us/page/dickens.County.News","https://www.co.dickens.tx.us/","","https://www.county.org/content-library/maps/counties/dickens-county","2026-09-11T18:48:14.706119+00:00","Reviewed"
"48127","Dimmit","https://www.dimmitcounty.org/government/public_notices.php","https://www.dimmitcounty.org/","","https://www.county.org/content-library/maps/counties/dimmit-county","2026-09-11T18:48:15.583730+00:00","Reviewed"
"48129","Donley","https://www.co.donley.tx.us/page/Public.Notices","https://www.co.donley.tx.us/","https://www.co.donley.tx.us/page/calrss/1209/0/calendar.rss","https://www.county.org/content-library/maps/counties/donley-county","2026-09-11T18:48:16.019900+00:00","Reviewed"
"48131","Duval","https://www.co.duval.tx.us/page/duval.Public.Notices","https://www.co.duval.tx.us/","https://newtools.cira.state.tx.us/page/calrss/118418/0/calendar.rss","https://www.county.org/content-library/maps/counties/duval-county","2026-09-11T18:48:17.236528+00:00","Reviewed"
"48133","Eastland","","https://www.eastlandcounty.gov/","","https://www.county.org/content-library/maps/counties/eastland-county","2026-09-11T18:48:17.646843+00:00","Reviewed"
"48135","Ector","","https://www.ectorcountytx.gov/","","https://www.county.org/content-library/maps/counties/ector-county","2026-09-11T18:48:18.796495+00:00","Reviewed"
"48137","Edwards","https://www.co.edwards.tx.us/page/Notices","https://www.co.edwards.tx.us/","","https://www.county.org/content-library/maps/counties/edwards-county","2026-09-11T18:48:19.477690+00:00","Reviewed"
"48139","Ellis","","","","https://www.county.org/content-library/maps/counties/ellis-county","2026-09-11T18:48:23.115309+00:00","Reviewed"
"48141","El Paso","","https://www.epcounty.com/","","https://www.county.org/content-library/maps/counties/el-paso-county","2026-09-11T18:48:23.114684+00:00","Reviewed"
"48143","Erath","","https://www.co.erath.tx.us/","","https://www.county.org/content-library/maps/counties/erath-county","2026-09-11T18:48:24.801046+00:00","Reviewed"
"48145","Falls","https://www.co.falls.tx.us/page/Public.Notices.Calendar","https://www.co.falls.tx.us/","https://www.co.falls.tx.us/page/calrss/1481/0/calendar.rss","https://www.county.org/content-library/maps/counties/falls-county","2026-09-11T18:48:25.468225+00:00","Reviewed"
"48147","Fannin","https://www.co.fannin.tx.us/page/fannin.Public.Notices","https://www.co.fannin.tx.us/","","https://www.county.org/content-library/maps/counties/fannin-county","2026-09-11T18:48:27.051472+00:00","Reviewed"
"48149","Fayette","https://www.co.fayette.tx.us/page/fayette.Public.Notices","https://www.co.fayette.tx.us/","https://newtools.cira.state.tx.us/page/calrss/5755/0/calendar.rss","https://www.county.org/content-library/maps/counties/fayette-county","2026-09-11T18:48:27.568095+00:00","Reviewed"
"48151","Fisher","https://www.fishercounty.org/page/fisher.Public.Notices","https://www.fishercounty.org/","https://newtools.cira.state.tx.us/page/calrss/29598/0/calendar.rss","https://www.county.org/content-library/maps/counties/fisher-county","2026-09-11T18:48:27.765570+00:00","Reviewed"
"48153","Floyd","https://www.co.floyd.tx.us/page/floyd.Public.Notices.Calendar","https://www.co.floyd.tx.us/","https://newtools.cira.state.tx.us/page/calrss/5816/0/calendar.rss","https://www.county.org/content-library/maps/counties/floyd-county","2026-09-11T18:48:28.270543+00:00","Reviewed"
"48155","Foard","https://www.foardcounty.texas.gov/page/Public.Notices.Calendar","https://www.foardcounty.texas.gov/","https://www.foardcounty.texas.gov/page/calrss/1275/0/calendar.rss","https://www.county.org/content-library/maps/counties/foard-county","2026-09-11T18:48:28.547582+00:00","Reviewed"
"48157","Fort Bend","https://www.fortbendcountytx.gov/your-county/legal-notices","https://www.fortbendcountytx.gov/","","https://www.county.org/content-library/maps/counties/fort-bend-county","2026-09-11T18:48:28.966359+00:00","Reviewed"
"48159","Franklin","https://www.co.franklin.tx.us/page/franklin.PublicNotices","https://www.co.franklin.tx.us/","https://newtools.cira.state.tx.us/page/calrss/12826/0/calendar.rss","https://www.county.org/content-library/maps/counties/franklin-county","2026-09-11T18:48:31.988156+00:00","Reviewed"
"48161","Freestone","https://www.co.freestone.tx.us/page/freestone.PublicNotices","https://www.co.freestone.tx.us/","https://newtools.cira.state.tx.us/page/calrss/6221/0/calendar.rss","https://www.county.org/content-library/maps/counties/freestone-county","2026-09-11T18:48:34.371214+00:00","Reviewed"
"48163","Frio","","https://www.co.frio.tx.us/","","https://www.county.org/content-library/maps/counties/frio-county","2026-09-11T18:48:35.851705+00:00","Reviewed"
"48165","Gaines","https://www.co.gaines.tx.us/page/gaines.Public.Notices","https://www.co.gaines.tx.us/","https://newtools.cira.state.tx.us/page/calrss/29734/0/calendar.rss","https://www.county.org/content-library/maps/counties/gaines-county","2026-09-11T18:48:36.790345+00:00","Reviewed"
"48167","Galveston","","https://www.galvestoncountytx.gov/","","https://www.county.org/content-library/maps/counties/galveston-county","2026-09-11T18:48:38.181366+00:00","HTTPError: HTTP Error 403: Forbidden"
"48169","Garza","","https://www.garzacounty.gov/","","https://www.county.org/content-library/maps/counties/garza-county","2026-09-11T18:48:39.050809+00:00","Reviewed"
"48171","Gillespie","","https://www.gillespiecounty.gov/","","https://www.county.org/content-library/maps/counties/gillespie-county","2026-09-11T18:48:39.186147+00:00","Reviewed"
"48173","Glasscock","https://www.co.glasscock.tx.us/page/Public.Notices","https://www.co.glasscock.tx.us/","https://www.co.glasscock.tx.us/page/calrss/1578/0/calendar.rss","https://www.county.org/content-library/maps/counties/glasscock-county","2026-09-11T18:48:40.727701+00:00","Reviewed"
"48175","Goliad","https://www.co.goliad.tx.us/page/goliad.agendas","https://www.co.goliad.tx.us/","","https://www.county.org/content-library/maps/counties/goliad-county","2026-09-11T18:48:41.443564+00:00","Reviewed"
"48177","Gonzales","https://www.co.gonzales.tx.us/page/gonzales.Public.Notices","https://www.co.gonzales.tx.us/","https://newtools.cira.state.tx.us/page/calrss/28534/0/calendar.rss","https://www.county.org/content-library/maps/counties/gonzales-county","2026-09-11T18:48:42.251197+00:00","Reviewed"
"48179","Gray","https://www.co.gray.tx.us/page/gray.PublicNotice","https://www.co.gray.tx.us/","https://newtools.cira.state.tx.us/page/calrss/6339/0/calendar.rss","https://www.county.org/content-library/maps/counties/gray-county","2026-09-11T18:48:43.286490+00:00","Reviewed"
"48181","Grayson","","https://www.co.grayson.tx.us/","","https://www.county.org/content-library/maps/counties/grayson-county","2026-09-11T18:48:44.075225+00:00","Reviewed"
"48183","Gregg","https://greggcounty.texas.gov/public-notices","https://greggcounty.texas.gov/","","https://www.county.org/content-library/maps/counties/gregg-county","2026-09-11T18:48:44.875663+00:00","Reviewed"
"48185","Grimes","https://grimescountytexas.gov/public-notices","https://grimescountytexas.gov/","","https://www.county.org/content-library/maps/counties/grimes-county","2026-09-11T18:48:45.161316+00:00","Reviewed"
"48187","Guadalupe","","https://www.co.guadalupe.tx.us/","","https://www.county.org/content-library/maps/counties/guadalupe-county","2026-09-11T18:48:45.221148+00:00","Reviewed"
"48189","Hale","","https://www.halecounty.org/","","https://www.county.org/content-library/maps/counties/hale-county","2026-09-11T18:48:46.638703+00:00","Reviewed"
"48191","Hall","https://www.co.hall.tx.us/page/hall.Public.Notices","https://www.co.hall.tx.us/","","https://www.county.org/content-library/maps/counties/hall-county","2026-09-11T18:48:47.266831+00:00","Reviewed"
"48193","Hamilton","https://www.hamiltoncountytx.gov/page/hamilton.publicnotices","https://www.hamiltoncountytx.gov/","https://newtools.cira.state.tx.us/page/calrss/47920/0/calendar.rss","https://www.county.org/content-library/maps/counties/hamilton-county","2026-09-11T18:48:47.823263+00:00","Reviewed"
"48195","Hansford","https://www.co.hansford.tx.us/page/Public.Notices","https://www.co.hansford.tx.us/","https://www.co.hansford.tx.us/page/calrss/1183/0/calendar.rss","https://www.county.org/content-library/maps/counties/hansford-county","2026-09-11T18:48:48.079990+00:00","Reviewed"
"48197","Hardeman","https://www.co.hardeman.tx.us/page/hardeman.public.notices","https://www.co.hardeman.tx.us/","","https://www.county.org/content-library/maps/counties/hardeman-county","2026-09-11T18:48:48.262934+00:00","Reviewed"
"48199","Hardin","https://www.hardincountytx.gov/page/PublicNotices","https://www.hardincountytx.gov/","https://www.hardincountytx.gov/page/calrss/1428/75/calendar.rss","https://www.county.org/content-library/maps/counties/hardin-county","2026-09-11T18:48:48.772827+00:00","Reviewed"
"48201","Harris","","https://www.harriscountytx.gov/","","https://www.county.org/content-library/maps/counties/harris-county","2026-09-11T18:48:49.480381+00:00","Reviewed"
"48203","Harrison","https://www.harrisoncountytexas.gov/page/PublicNoticeInfo","https://www.harrisoncountytexas.gov/","","https://www.county.org/content-library/maps/counties/harrison-county","2026-09-11T18:48:49.657726+00:00","Reviewed"
"48205","Hartley","https://www.co.hartley.tx.us/page/hartley.County.News","https://www.co.hartley.tx.us/","","https://www.county.org/content-library/maps/counties/hartley-county","2026-09-11T18:48:49.712117+00:00","Reviewed"
"48207","Haskell","https://www.haskellcountytx.gov/page/haskell.Public.Notices","https://www.haskellcountytx.gov/","https://newtools.cira.state.tx.us/page/calrss/30553/0/calendar.rss","https://www.county.org/content-library/maps/counties/haskell-county","2026-09-11T18:48:50.507437+00:00","Reviewed"
"48209","Hays","","","","https://www.county.org/content-library/maps/counties/hays-county","2026-09-11T18:48:50.601669+00:00","URLError: <urlopen error [Errno -5] No address associated with hostname>"
"48211","Hemphill","https://www.co.hemphill.tx.us/page/hemphill.Public.Notices","https://www.co.hemphill.tx.us/","https://newtools.cira.state.tx.us/page/calrss/38783/0/calendar.rss","https://www.county.org/content-library/maps/counties/hemphill-county","2026-09-11T18:48:51.062199+00:00","Reviewed"
"48213","Henderson","","https://www.henderson-county.com/","","https://www.county.org/content-library/maps/counties/henderson-county","2026-09-11T18:48:51.266614+00:00","Reviewed"
"48215","Hidalgo","","","","https://www.county.org/content-library/maps/counties/hidalgo-county","2026-09-11T18:48:51.410671+00:00","URLError: <urlopen error [Errno -5] No address associated with hostname>"
"48217","Hill","https://www.co.hill.tx.us/page/hill.County.News","https://www.co.hill.tx.us/","","https://www.county.org/content-library/maps/counties/hill-county","2026-09-11T18:48:52.035201+00:00","Reviewed"
"48219","Hockley","https://www.co.hockley.tx.us/page/Public.Notices","https://www.co.hockley.tx.us/","https://www.co.hockley.tx.us/page/calrss/1211/0/calendar.rss","https://www.county.org/content-library/maps/counties/hockley-county","2026-09-11T18:48:52.284746+00:00","Reviewed"
"48221","Hood","","","","https://www.county.org/content-library/maps/counties/hood-county","2026-09-11T18:48:52.480865+00:00","URLError: <urlopen error timed out>"
"48223","Hopkins","https://www.hopkinscountytx.org/page/hopkins.Public.Notices.Calendar","https://www.hopkinscountytx.org/","https://newtools.cira.state.tx.us/page/calrss/9597/0/calendar.rss","https://www.county.org/content-library/maps/counties/hopkins-county","2026-09-11T18:48:52.550855+00:00","Reviewed"
"48225","Houston","https://www.co.houston.tx.us/page/houston.Public.Notices.Calendar","https://www.co.houston.tx.us/","https://newtools.cira.state.tx.us/page/calrss/29827/0/calendar.rss","https://www.county.org/content-library/maps/counties/houston-county","2026-09-11T18:48:53.515203+00:00","Reviewed"
"48227","Howard","https://www.co.howard.tx.us/1243/Public-Notices","https://www.co.howard.tx.us/","","https://www.county.org/content-library/maps/counties/howard-county","2026-09-11T18:48:53.689877+00:00","Reviewed"
"48229","Hudspeth","https://www.co.hudspeth.tx.us/page/Public%20Notices","https://www.co.hudspeth.tx.us/","https://www.co.hudspeth.tx.us/page/calrss/1493/0/calendar.rss","https://www.county.org/content-library/maps/counties/hudspeth-county","2026-09-11T18:48:54.176058+00:00","Reviewed"
"48231","Hunt","https://www.huntcounty.net/page/publicnotices","https://www.huntcounty.net/","https://www.huntcounty.net/page/calrss/2879/0/calendar.rss","https://www.county.org/content-library/maps/counties/hunt-county","2026-09-11T18:48:57.527072+00:00","Reviewed"
"48233","Hutchinson","https://www.co.hutchinson.tx.us/page/hutchinson.PublicNotices","https://www.co.hutchinson.tx.us/","","https://www.county.org/content-library/maps/counties/hutchinson-county","2026-09-11T18:49:01.736373+00:00","Reviewed"
"48235","Irion","https://www.co.irion.tx.us/1217/County-News","https://www.co.irion.tx.us/","","https://www.county.org/content-library/maps/counties/irion-county","2026-09-11T18:49:05.255187+00:00","Reviewed"
"48237","Jack","","","","https://www.county.org/content-library/maps/counties/jack-county","2026-09-11T18:49:05.301784+00:00","URLError: <urlopen error [SSL: CERTIFICATE_VERIFY_FAILED] certificate verify failed: certificate has expired (_ssl.c:108"
"48239","Jackson","https://www.co.jackson.tx.us/page/Public.Notices.Calendar","https://www.co.jackson.tx.us/","https://www.co.jackson.tx.us/page/calrss/2575/0/calendar.rss","https://www.county.org/content-library/maps/counties/jackson-county","2026-09-11T18:49:06.762373+00:00","Reviewed"
"48241","Jasper","https://www.co.jasper.tx.us/page/Public.Notices","https://www.co.jasper.tx.us/","","https://www.county.org/content-library/maps/counties/jasper-county","2026-09-11T18:49:08.380688+00:00","Reviewed"
"48243","Jeff Davis","https://www.jeffdaviscounty.texas.gov/page/jeffdavis.Public.Notices","https://www.jeffdaviscounty.texas.gov/","https://newtools.cira.state.tx.us/page/calrss/22377/0/calendar.rss","https://www.county.org/content-library/maps/counties/jeff-davis-county","2026-09-11T18:49:09.996239+00:00","Reviewed"
"48245","Jefferson","https://jeffersoncountytx.gov/jcagenda/default.aspx","https://jeffersoncountytx.gov/","","https://www.county.org/content-library/maps/counties/jefferson-county","2026-09-11T18:49:10.024462+00:00","Reviewed official override"
"48247","Jim Hogg","https://www.co.jim-hogg.tx.us/page/jim-hogg.Public.Notice","https://www.co.jim-hogg.tx.us/","https://newtools.cira.state.tx.us/page/calrss/63465/0/calendar.rss","https://www.county.org/content-library/maps/counties/jim-hogg-county","2026-09-11T18:49:16.122524+00:00","Reviewed"
"48249","Jim Wells","https://www.co.jim-wells.tx.us/page/co.calendar","https://www.co.jim-wells.tx.us/","https://www.co.jim-wells.tx.us/page/calrss/1943/0/calendar.rss","https://www.county.org/content-library/maps/counties/jim-wells-county","2026-09-11T18:49:17.302557+00:00","Reviewed"
"48251","Johnson","","https://www.johnsoncountytx.org/","","https://www.county.org/content-library/maps/counties/johnson-county","2026-09-11T18:49:18.107770+00:00","HTTPError: HTTP Error 403: Forbidden"
"48253","Jones","https://www.co.jones.tx.us/page/jones.PublicNotices.Estrays","https://www.co.jones.tx.us/","","https://www.county.org/content-library/maps/counties/jones-county","2026-09-11T18:49:19.499849+00:00","Reviewed"
"48255","Karnes","https://www.co.karnes.tx.us/page/karnes.Public.Notices","https://www.co.karnes.tx.us/","","https://www.county.org/content-library/maps/counties/karnes-county","2026-09-11T18:49:19.800977+00:00","Reviewed"
"48257","Kaufman","","https://www.kaufmancounty.net/","","https://www.county.org/content-library/maps/counties/kaufman-county","2026-09-11T18:49:21.601702+00:00","Reviewed"
"48259","Kendall","","https://www.kendallcountytx.gov/","","https://www.county.org/content-library/maps/counties/kendall-county","2026-09-11T18:49:22.557996+00:00","Reviewed"
"48261","Kenedy","https://www.kenedycountytx.gov/page/kenedy.PublicNoticeCalendar","https://www.kenedycountytx.gov/","https://newtools.cira.state.tx.us/page/calrss/16646/0/calendar.rss","https://www.county.org/content-library/maps/counties/kenedy-county","2026-09-11T18:49:23.169382+00:00","Reviewed"
"48263","Kent","https://www.co.kent.tx.us/page/kent.PublicNotices","https://www.co.kent.tx.us/","","https://www.county.org/content-library/maps/counties/kent-county","2026-09-11T18:49:25.153607+00:00","Reviewed"
"48265","Kerr","","","","https://www.county.org/content-library/maps/counties/kerr-county","2026-09-11T18:49:29.559625+00:00","URLError: <urlopen error [Errno -2] Name or service not known>"
"48267","Kimble","","https://www.co.kimble.tx.us/","","https://www.county.org/content-library/maps/counties/kimble-county","2026-09-11T18:49:33.813273+00:00","Reviewed"
"48269","King","https://www.co.king.tx.us/page/king.Public.Notices.Calendar","https://www.co.king.tx.us/","https://newtools.cira.state.tx.us/page/calrss/64551/0/calendar.rss","https://www.county.org/content-library/maps/counties/king-county","2026-09-11T18:49:34.977226+00:00","Reviewed"
"48271","Kinney","https://www.co.kinney.tx.us/page/publicnotices","https://www.co.kinney.tx.us/","https://www.co.kinney.tx.us/page/calrss/1425/0/calendar.rss","https://www.county.org/content-library/maps/counties/kinney-county","2026-09-11T18:49:36.566670+00:00","Reviewed"
"48273","Kleberg","https://www.co.kleberg.tx.us/page/kleberg.Public.Notices","https://www.co.kleberg.tx.us/","https://newtools.cira.state.tx.us/page/calrss/21888/0/calendar.rss","https://www.county.org/content-library/maps/counties/kleberg-county","2026-09-11T18:49:39.001628+00:00","Reviewed"
"48275","Knox","https://www.knoxcountytexas.org/page/knox.public.notices","https://www.knoxcountytexas.org/","https://newtools.cira.state.tx.us/page/calrss/107847/0/calendar.rss","https://www.county.org/content-library/maps/counties/knox-county","2026-09-11T18:49:39.002588+00:00","Reviewed"
"48277","Lamar","https://www.lamarcountytx.gov/1242/Public-Notices-News","https://www.lamarcountytx.gov/","","https://www.county.org/content-library/maps/counties/lamar-county","2026-09-11T18:49:41.142106+00:00","Reviewed"
"48279","Lamb","https://www.co.lamb.tx.us/page/Proposed.Budgets","https://www.co.lamb.tx.us/","","https://www.county.org/content-library/maps/counties/lamb-county","2026-09-11T18:49:41.417457+00:00","Reviewed"
"48281","Lampasas","https://www.co.lampasas.tx.us/page/lampasas.PublicNotices","https://www.co.lampasas.tx.us/","https://newtools.cira.state.tx.us/page/calrss/29955/895/calendar.rss","https://www.county.org/content-library/maps/counties/lampasas-county","2026-09-11T18:49:41.701219+00:00","Reviewed"
"48283","La Salle","https://www.co.la-salle.tx.us/index.php/commissioners-court/public-notices","https://www.co.la-salle.tx.us/","","https://www.county.org/content-library/maps/counties/la-salle-county","2026-09-11T18:49:40.125931+00:00","Reviewed"
"48285","Lavaca","","https://www.co.lavaca.tx.us/","","https://www.county.org/content-library/maps/counties/lavaca-county","2026-09-11T18:49:42.095440+00:00","Reviewed"
"48287","Lee","https://www.co.lee.tx.us/page/lee.Public.Notices","https://www.co.lee.tx.us/","","https://www.county.org/content-library/maps/counties/lee-county","2026-09-11T18:49:42.773612+00:00","Reviewed"
"48289","Leon","https://www.co.leon.tx.us/page/leon.Public.Notices.Calendar","https://www.co.leon.tx.us/","https://newtools.cira.state.tx.us/page/calrss/31974/0/calendar.rss","https://www.county.org/content-library/maps/counties/leon-county","2026-09-11T18:49:43.201097+00:00","Reviewed"
"48291","Liberty","https://www.co.liberty.tx.us/page/liberty.PublicNotices","https://www.co.liberty.tx.us/","https://newtools.cira.state.tx.us/page/calrss/17359/0/calendar.rss","https://www.county.org/content-library/maps/counties/liberty-county","2026-09-11T18:49:43.627295+00:00","Reviewed"
"48293","Limestone","https://www.co.limestone.tx.us/page/limestone.Publicnotices","https://www.co.limestone.tx.us/","https://newtools.cira.state.tx.us/page/calrss/38084/0/calendar.rss","https://www.county.org/content-library/maps/counties/limestone-county","2026-09-11T18:49:44.988071+00:00","Reviewed"
"48295","Lipscomb","https://www.co.lipscomb.tx.us/page/lipscomb.Public.Notices","https://www.co.lipscomb.tx.us/","https://newtools.cira.state.tx.us/page/calrss/16003/0/calendar.rss","https://www.county.org/content-library/maps/counties/lipscomb-county","2026-09-11T18:49:45.563215+00:00","Reviewed"
"48297","Live Oak","https://www.co.live-oak.tx.us/page/liveoak.Public.Notices","https://www.co.live-oak.tx.us/","https://newtools.cira.state.tx.us/page/calrss/4098/0/calendar.rss","https://www.county.org/content-library/maps/counties/live-oak-county","2026-09-11T18:49:46.108704+00:00","Reviewed"
"48299","Llano","https://www.llanocounty.gov/page/Public.Notices","https://www.llanocounty.gov/","https://www.llanocounty.gov/page/calrss/1945/71/calendar.rss","https://www.county.org/content-library/maps/counties/llano-county","2026-09-11T18:49:46.677378+00:00","Reviewed"
"48301","Loving","https://www.co.loving.tx.us/page/loving.Public%20Notices","https://www.co.loving.tx.us/","https://newtools.cira.state.tx.us/page/calrss/62804/0/calendar.rss","https://www.county.org/content-library/maps/counties/loving-county","2026-09-11T18:49:47.302484+00:00","Reviewed"
"48303","Lubbock","https://www.lubbockcounty.gov/egov/apps/document/center.egov?view=browse&eGov_searchType=58&eGov_searchSubmit=Search","https://www.lubbockcounty.gov/","","https://www.county.org/content-library/maps/counties/lubbock-county","2026-09-11T18:49:47.872153+00:00","Reviewed"
"48305","Lynn","https://www.co.lynn.tx.us/page/lynn.Agenda.Minutes","https://www.co.lynn.tx.us/","","https://www.county.org/content-library/maps/counties/lynn-county","2026-09-11T18:49:48.905441+00:00","Reviewed"
"48307","McCulloch","https://www.co.mcculloch.tx.us/page/mcculloch.Public.Notices","https://www.co.mcculloch.tx.us/","https://newtools.cira.state.tx.us/page/calrss/168076/0/calendar.rss","https://www.county.org/content-library/maps/counties/mcculloch-county","2026-09-11T18:49:53.707661+00:00","Reviewed"
"48309","McLennan","","https://www.mclennan.gov/","","https://www.county.org/content-library/maps/counties/mclennan-county","2026-09-11T18:49:54.137501+00:00","Reviewed"
"48311","McMullen","","https://mcmullencounty.org/","","https://www.county.org/content-library/maps/counties/mcmullen-county","2026-09-11T18:49:54.470172+00:00","Reviewed"
"48313","Madison","https://www.co.madison.tx.us/page/madison.PublicNotices","https://www.co.madison.tx.us/","https://newtools.cira.state.tx.us/page/calrss/1796/0/calendar.rss","https://www.county.org/content-library/maps/counties/madison-county","2026-09-11T18:49:49.122699+00:00","Reviewed"
"48315","Marion","https://www.co.marion.tx.us/page/marion.Public.Notices","https://www.co.marion.tx.us/","https://newtools.cira.state.tx.us/page/calrss/4150/0/calendar.rss","https://www.county.org/content-library/maps/counties/marion-county","2026-09-11T18:49:51.040400+00:00","Reviewed"
"48317","Martin","","","","https://www.county.org/content-library/maps/counties/martin-county","2026-09-11T18:49:51.449322+00:00","Reviewed"
"48319","Mason","https://www.co.mason.tx.us/page/mason.Public.Notices","https://www.co.mason.tx.us/","https://newtools.cira.state.tx.us/page/calrss/1447/0/calendar.rss","https://www.county.org/content-library/maps/counties/mason-county","2026-09-11T18:49:51.603450+00:00","Reviewed"
"48321","Matagorda","https://www.matagordatx.gov/page/PublicNotices","https://www.matagordatx.gov/","","https://www.county.org/content-library/maps/counties/matagorda-county","2026-09-11T18:49:52.624412+00:00","Reviewed"
"48323","Maverick","","","","https://www.county.org/content-library/maps/counties/maverick-county","2026-09-11T18:49:52.838575+00:00","HTTPError: HTTP Error 404: Not Found"
"48325","Medina","","https://www.medinatx.gov/","","https://www.county.org/content-library/maps/counties/medina-county","2026-09-11T18:49:54.517450+00:00","Reviewed"
"48327","Menard","https://www.co.menard.tx.us/page/menard.Public.Notices","https://www.co.menard.tx.us/","https://newtools.cira.state.tx.us/page/calrss/1220/0/calendar.rss","https://www.county.org/content-library/maps/counties/menard-county","2026-09-11T18:49:55.217786+00:00","Reviewed"
"48329","Midland","","https://www.co.midland.tx.us/","","https://www.county.org/content-library/maps/counties/midland-county","2026-09-11T18:49:55.839791+00:00","Reviewed"
"48331","Milam","https://www.milamcounty.net/departments/public_notices_bid_proposals/public_notices.php","https://www.milamcounty.net/","","https://www.county.org/content-library/maps/counties/milam-county","2026-09-11T18:49:55.846147+00:00","Reviewed"
"48333","Mills","https://www.millscountytx.gov/page/Calendar-PublicNotices","https://www.millscountytx.gov/","https://www.millscountytx.gov/page/calrss/1995/0/calendar.rss","https://www.county.org/content-library/maps/counties/mills-county","2026-09-11T18:49:55.941034+00:00","Reviewed"
"48335","Mitchell","https://www.co.mitchell.tx.us/page/public.notices","https://www.co.mitchell.tx.us/","","https://www.county.org/content-library/maps/counties/mitchell-county","2026-09-11T18:49:56.831132+00:00","Reviewed"
"48337","Montague","https://www.co.montague.tx.us/page/montague.PublicNotices","https://www.co.montague.tx.us/","https://newtools.cira.state.tx.us/page/calrss/38464/0/calendar.rss","https://www.county.org/content-library/maps/counties/montague-county","2026-09-11T18:49:58.099117+00:00","Reviewed"
"48339","Montgomery","","https://www.mctx.org/","","https://www.county.org/content-library/maps/counties/montgomery-county","2026-09-11T18:49:58.529100+00:00","Reviewed"
"48341","Moore","https://www.co.moore.tx.us/page/moore.PublicNotices","https://www.co.moore.tx.us/","https://newtools.cira.state.tx.us/page/calrss/16233/0/calendar.rss","https://www.county.org/content-library/maps/counties/moore-county","2026-09-11T18:50:02.100235+00:00","Reviewed"
"48343","Morris","https://www.co.morris.tx.us/page/morris.PublicNotices","https://www.co.morris.tx.us/","https://newtools.cira.state.tx.us/page/calrss/28147/0/calendar.rss","https://www.county.org/content-library/maps/counties/morris-county","2026-09-11T18:50:06.345757+00:00","Reviewed"
"48345","Motley","https://www.co.motley.tx.us/page/motley.Public.Notices","https://www.co.motley.tx.us/","https://newtools.cira.state.tx.us/page/calrss/63046/0/calendar.rss","https://www.county.org/content-library/maps/counties/motley-county","2026-09-11T18:50:07.252664+00:00","Reviewed"
"48347","Nacogdoches","https://www.nacogdochesco.gov/167/Public-Notices","https://www.nacogdochesco.gov/","","https://www.county.org/content-library/maps/counties/nacogdoches-county","2026-09-11T18:50:13.964370+00:00","Reviewed"
"48349","Navarro","","https://www.co.navarro.tx.us/","","https://www.county.org/content-library/maps/counties/navarro-county","2026-09-11T18:50:16.962406+00:00","Reviewed"
"48351","Newton","https://www.co.newton.tx.us/page/newton.Public.Notices","https://www.co.newton.tx.us/","https://newtools.cira.state.tx.us/page/calrss/34413/0/calendar.rss","https://www.county.org/content-library/maps/counties/newton-county","2026-09-11T18:50:17.569423+00:00","Reviewed"
"48353","Nolan","https://www.co.nolan.tx.us/page/nolan.Public.Notices","https://www.co.nolan.tx.us/","https://newtools.cira.state.tx.us/page/calrss/1956/0/calendar.rss","https://www.county.org/content-library/maps/counties/nolan-county","2026-09-11T18:50:20.464432+00:00","Reviewed"
"48355","Nueces","","https://www.co.nueces.tx.us/","","https://www.county.org/content-library/maps/counties/nueces-county","2026-09-11T18:50:21.137986+00:00","HTTPError: HTTP Error 403: Forbidden"
"48357","Ochiltree","https://www.co.ochiltree.tx.us/page/ochiltree.Public.Notices","https://www.co.ochiltree.tx.us/","https://newtools.cira.state.tx.us/page/calrss/26308/0/calendar.rss","https://www.county.org/content-library/maps/counties/ochiltree-county","2026-09-11T18:50:23.818494+00:00","Reviewed"
"48359","Oldham","https://www.co.oldham.tx.us/page/Public.Notices","https://www.co.oldham.tx.us/","https://www.co.oldham.tx.us/page/calrss/1643/0/calendar.rss","https://www.county.org/content-library/maps/counties/oldham-county","2026-09-11T18:50:25.463866+00:00","Reviewed"
"48361","Orange","https://www.co.orange.tx.us/Public-Notices-News","https://www.co.orange.tx.us/","","https://www.county.org/content-library/maps/counties/orange-county","2026-09-11T18:50:27.133419+00:00","Reviewed"
"48363","Palo Pinto","https://www.co.palo-pinto.tx.us/page/PublicNotices","https://www.co.palo-pinto.tx.us/","","https://www.county.org/content-library/maps/counties/palo-pinto-county","2026-09-11T18:50:27.507516+00:00","Reviewed"
"48365","Panola","https://www.co.panola.tx.us/1224/Public-Notices","https://www.co.panola.tx.us/","","https://www.county.org/content-library/maps/counties/panola-county","2026-09-11T18:50:29.678648+00:00","Reviewed"
"48367","Parker","","https://www.parkercountytx.gov/","","https://www.county.org/content-library/maps/counties/parker-county","2026-09-11T18:50:30.033462+00:00","Reviewed"
"48369","Parmer","","https://parmercounty.org/","","https://www.county.org/content-library/maps/counties/parmer-county","2026-09-11T18:50:31.848850+00:00","HTTPError: HTTP Error 403: Forbidden"
"48371","Pecos","https://www.co.pecos.tx.us/category/notices-announcements/public-notices/","https://www.co.pecos.tx.us/","","https://www.county.org/content-library/maps/counties/pecos-county","2026-09-11T18:50:32.289851+00:00","Reviewed"
"48373","Polk","","","","https://www.county.org/content-library/maps/counties/polk-county","2026-09-11T18:50:33.073827+00:00","URLError: <urlopen error [SSL: CERTIFICATE_VERIFY_FAILED] certificate verify failed: Hostname mismatch, certificate is n"
"48375","Potter","https://www.co.potter.tx.us/page/Court.Live","https://www.co.potter.tx.us/","","https://www.county.org/content-library/maps/counties/potter-county","2026-09-11T18:50:33.242420+00:00","Reviewed official override"
"48377","Presidio","https://www.co.presidio.tx.us/page/presidio.PastPublicPostings","https://www.co.presidio.tx.us/","","https://www.county.org/content-library/maps/counties/presidio-county","2026-09-11T18:50:33.929109+00:00","Reviewed"
"48379","Rains","https://www.co.rains.tx.us/page/rains.notices.county","https://www.co.rains.tx.us/","","https://www.county.org/content-library/maps/counties/rains-county","2026-09-11T18:50:34.047613+00:00","Reviewed"
"48381","Randall","https://www.randallcounty.gov/494/Public-Notices","https://www.randallcounty.gov/","","https://www.county.org/content-library/maps/counties/randall-county","2026-09-11T18:50:34.502238+00:00","Reviewed official override"
"48383","Reagan","","https://www.co.reagan.tx.us/","","https://www.county.org/content-library/maps/counties/reagan-county","2026-09-11T18:50:34.795926+00:00","Reviewed"
"48385","Real","https://www.co.real.tx.us/page/real.Public.Notices","https://www.co.real.tx.us/","https://newtools.cira.state.tx.us/page/calrss/2303/0/calendar.rss","https://www.county.org/content-library/maps/counties/real-county","2026-09-11T18:50:35.481486+00:00","Reviewed"
"48387","Red River","https://www.co.red-river.tx.us/page/redriver.Public.Notices","https://www.co.red-river.tx.us/","https://newtools.cira.state.tx.us/page/calrss/38024/0/calendar.rss","https://www.county.org/content-library/maps/counties/red-river-county","2026-09-11T18:50:35.534061+00:00","Reviewed"
"48389","Reeves","","https://www.reevescounty.org/","","https://www.county.org/content-library/maps/counties/reeves-county","2026-09-11T18:50:36.063341+00:00","HTTPError: HTTP Error 403: Forbidden"
"48391","Refugio","https://www.co.refugio.tx.us/page/refugio.PublicNotices","https://www.co.refugio.tx.us/","https://newtools.cira.state.tx.us/page/calrss/3608/0/calendar.rss","https://www.county.org/content-library/maps/counties/refugio-county","2026-09-11T18:50:37.434514+00:00","Reviewed"
"48393","Roberts","https://www.co.roberts.tx.us/page/roberts.Public.Notices","https://www.co.roberts.tx.us/","https://newtools.cira.state.tx.us/page/calrss/61064/0/calendar.rss","https://www.county.org/content-library/maps/counties/roberts-county","2026-09-11T18:50:37.580272+00:00","Reviewed"
"48395","Robertson","https://www.co.robertson.tx.us/page/robertson.Public.Notices.Calendar","https://www.co.robertson.tx.us/","https://newtools.cira.state.tx.us/page/calrss/20645/0/calendar.rss","https://www.county.org/content-library/maps/counties/robertson-county","2026-09-11T18:50:38.927870+00:00","Reviewed"
"48397","Rockwall","","https://www.rockwallcountytexas.com/","","https://www.county.org/content-library/maps/counties/rockwall-county","2026-09-11T18:50:43.039289+00:00","Reviewed"
"48399","Runnels","https://www.runnelscounty.org/page/runnels.Public.Notices","https://www.runnelscounty.org/","","https://www.county.org/content-library/maps/counties/runnels-county","2026-09-11T18:50:45.563535+00:00","Reviewed"
"48401","Rusk","https://www.ruskcountytx.gov/page/Public.Notices","https://www.ruskcountytx.gov/","https://www.ruskcountytx.gov/page/calrss/1208/0/calendar.rss","https://www.county.org/content-library/maps/counties/rusk-county","2026-09-11T18:50:48.683918+00:00","Reviewed"
"48403","Sabine","https://www.co.sabine.tx.us/page/sabine.PublicNotices","https://www.co.sabine.tx.us/","https://newtools.cira.state.tx.us/page/calrss/25400/0/calendar.rss","https://www.county.org/content-library/maps/counties/sabine-county","2026-09-11T18:50:49.586390+00:00","Reviewed"
"48405","San Augustine","https://www.co.san-augustine.tx.us/page/sanaugustine.PublicNotices","https://www.co.san-augustine.tx.us/","https://newtools.cira.state.tx.us/page/calrss/94896/0/calendar.rss","https://www.county.org/content-library/maps/counties/san-augustine-county","2026-09-11T18:50:54.684311+00:00","Reviewed"
"48407","San Jacinto","https://www.co.san-jacinto.tx.us/page/sanjacinto.County.News","https://www.co.san-jacinto.tx.us/","","https://www.county.org/content-library/maps/counties/san-jacinto-county","2026-09-11T18:50:57.184690+00:00","Reviewed"
"48409","San Patricio","","https://www.sanpatriciocountytx.gov/","","https://www.county.org/content-library/maps/counties/san-patricio-county","2026-09-11T18:51:07.424044+00:00","Reviewed"
"48411","San Saba","https://www.co.san-saba.tx.us/page/sansaba.Public.Notices","https://www.co.san-saba.tx.us/","https://newtools.cira.state.tx.us/page/calrss/20966/0/calendar.rss","https://www.county.org/content-library/maps/counties/san-saba-county","2026-09-11T18:51:12.790938+00:00","Reviewed"
"48413","Schleicher","https://www.schleichercounty.gov/page/Public.Notices","https://www.schleichercounty.gov/","","https://www.county.org/content-library/maps/counties/schleicher-county","2026-09-11T18:51:13.219415+00:00","Reviewed"
"48415","Scurry","https://www.co.scurry.tx.us/page/PublicNotices","https://www.co.scurry.tx.us/","","https://www.county.org/content-library/maps/counties/scurry-county","2026-09-11T18:51:16.839848+00:00","Reviewed"
"48417","Shackelford","https://www.shackelfordcounty.org/page/shackelford.Public.Notices.Calendar","https://www.shackelfordcounty.org/","https://newtools.cira.state.tx.us/page/calrss/42069/0/calendar.rss","https://www.county.org/content-library/maps/counties/shackelford-county","2026-09-11T18:51:17.006466+00:00","Reviewed"
"48419","Shelby","https://www.co.shelby.tx.us/page/shelby.Public.Notices","https://www.co.shelby.tx.us/","https://newtools.cira.state.tx.us/page/calrss/25407/0/calendar.rss","https://www.county.org/content-library/maps/counties/shelby-county","2026-09-11T18:51:24.165074+00:00","Reviewed"
"48421","Sherman","https://www.shermancountytx.gov/page/Public.Notices","https://www.shermancountytx.gov/","","https://www.county.org/content-library/maps/counties/sherman-county","2026-09-11T18:51:28.148861+00:00","Reviewed"
"48423","Smith","","https://www.smith-county.com/","","https://www.county.org/content-library/maps/counties/smith-county","2026-09-11T18:51:28.566243+00:00","Reviewed"
"48425","Somervell","https://www.somervell.co/233/Public-Notices","https://www.somervell.co/","","https://www.county.org/content-library/maps/counties/somervell-county","2026-09-11T18:51:30.800308+00:00","Reviewed"
"48427","Starr","https://www.co.starr.tx.us/page/Public.Notices","https://www.co.starr.tx.us/","https://www.co.starr.tx.us/page/calrss/1213/0/calendar.rss","https://www.county.org/content-library/maps/counties/starr-county","2026-09-11T18:51:32.232907+00:00","Reviewed"
"48429","Stephens","https://www.co.stephens.tx.us/page/stephens.Public.Notices","https://www.co.stephens.tx.us/","https://newtools.cira.state.tx.us/page/calrss/8183/0/calendar.rss","https://www.county.org/content-library/maps/counties/stephens-county","2026-09-11T18:51:35.481632+00:00","Reviewed"
"48431","Sterling","https://www.sterlingcotx.gov/page/PublicNotice%20-%20Calendar","https://www.sterlingcotx.gov/","https://www.sterlingcotx.gov/page/calrss/1303/0/calendar.rss","https://www.county.org/content-library/maps/counties/sterling-county","2026-09-11T18:51:37.052982+00:00","Reviewed"
"48433","Stonewall","https://www.stonewallcounty.org/page/stonewall.Public.Notices.Calendar","https://www.stonewallcounty.org/","https://newtools.cira.state.tx.us/page/calrss/55505/0/calendar.rss","https://www.county.org/content-library/maps/counties/stonewall-county","2026-09-11T18:51:38.703809+00:00","Reviewed"
"48435","Sutton","","https://www.co.sutton.tx.us/","","https://www.county.org/content-library/maps/counties/sutton-county","2026-09-11T18:51:40.020341+00:00","Reviewed"
"48437","Swisher","https://www.co.swisher.tx.us/page/swisher.Public.Notices","https://www.co.swisher.tx.us/","https://newtools.cira.state.tx.us/page/calrss/38939/0/calendar.rss","https://www.county.org/content-library/maps/counties/swisher-county","2026-09-11T18:51:40.180301+00:00","Reviewed"
"48439","Tarrant","https://www.tarrantcountytx.gov/en/county-clerk/administration/public-notices.html","https://www.tarrantcountytx.gov/en.html","","https://www.county.org/content-library/maps/counties/tarrant-county","2026-09-11T18:51:41.331188+00:00","Reviewed"
"48441","Taylor","https://www.taylorcounty.texas.gov/283/Public-Notices","https://www.taylorcounty.texas.gov/","","https://www.county.org/content-library/maps/counties/taylor-county","2026-09-11T18:51:41.871554+00:00","Reviewed"
"48443","Terrell","https://www.co.terrell.tx.us/page/terrell.Public.Notices","https://www.co.terrell.tx.us/","https://newtools.cira.state.tx.us/page/calrss/35343/0/calendar.rss","https://www.county.org/content-library/maps/counties/terrell-county","2026-09-11T18:51:42.004676+00:00","Reviewed"
"48445","Terry","https://www.co.terry.tx.us/page/terry.Public.Notices","https://www.co.terry.tx.us/","https://newtools.cira.state.tx.us/page/calrss/16350/0/calendar.rss","https://www.county.org/content-library/maps/counties/terry-county","2026-09-11T18:51:42.965181+00:00","Reviewed"
"48447","Throckmorton","https://www.throckmortoncounty.org/page/throckmorton.publicnotices","https://www.throckmortoncounty.org/","https://newtools.cira.state.tx.us/page/calrss/73978/0/calendar.rss","https://www.county.org/content-library/maps/counties/throckmorton-county","2026-09-11T18:51:43.705645+00:00","Reviewed"
"48449","Titus","","https://www.co.titus.tx.us/","","https://www.county.org/content-library/maps/counties/titus-county","2026-09-11T18:51:44.204617+00:00","Reviewed"
"48451","Tom Green","","https://www.tomgreencountytx.gov/","","https://www.county.org/content-library/maps/counties/tom-green-county","2026-09-11T18:51:46.072382+00:00","Reviewed"
"48453","Travis","","https://www.traviscountytx.gov/","","https://www.county.org/content-library/maps/counties/travis-county","2026-09-11T18:51:46.469985+00:00","Reviewed"
"48455","Trinity","https://www.co.trinity.tx.us/page/trinity.PublicNotices","https://www.co.trinity.tx.us/","","https://www.county.org/content-library/maps/counties/trinity-county","2026-09-11T18:51:46.590039+00:00","Reviewed"
"48457","Tyler","https://www.co.tyler.tx.us/page/tyler.Public.Notices.Calendar","https://www.co.tyler.tx.us/","https://newtools.cira.state.tx.us/page/calrss/10987/880/calendar.rss","https://www.county.org/content-library/maps/counties/tyler-county","2026-09-11T18:51:47.967421+00:00","Reviewed"
"48459","Upshur","https://www.countyofupshur.com/page/public_notices","https://www.countyofupshur.com/","","https://www.county.org/content-library/maps/counties/upshur-county","2026-09-11T18:51:48.606604+00:00","Reviewed"
"48461","Upton","","https://www.co.upton.tx.us/","","https://www.county.org/content-library/maps/counties/upton-county","2026-09-11T18:51:48.767798+00:00","Reviewed"
"48463","Uvalde","https://www.uvaldecounty.gov/uvalde-county-legal-notices","https://www.uvaldecounty.gov/","","https://www.county.org/content-library/maps/counties/uvalde-county","2026-09-11T18:51:57.369296+00:00","Reviewed"
"48465","Val Verde","https://valverdecounty.texas.gov/m/newsflash/home/detail/704","https://valverdecounty.texas.gov/","","https://www.county.org/content-library/maps/counties/val-verde-county","2026-09-11T18:51:57.488100+00:00","Reviewed"
"48467","Van Zandt","https://www.vanzandtcounty.org/page/vanzandt.Public.Notices","https://www.vanzandtcounty.org/","https://newtools.cira.state.tx.us/page/calrss/9022/0/calendar.rss","https://www.county.org/content-library/maps/counties/van-zandt-county","2026-09-11T18:51:57.761314+00:00","Reviewed"
"48469","Victoria","https://www.vctx.org/page/public.notices","https://www.vctx.org/","","https://www.county.org/content-library/maps/counties/victoria-county","2026-09-11T18:51:58.090732+00:00","Reviewed"
"48471","Walker","","https://www.co.walker.tx.us/","","https://www.county.org/content-library/maps/counties/walker-county","2026-09-11T18:52:00.374326+00:00","Reviewed"
"48473","Waller","https://www.co.waller.tx.us/page/WallerCountyNews","https://www.co.waller.tx.us/","","https://www.county.org/content-library/maps/counties/waller-county","2026-09-11T18:52:00.885590+00:00","Reviewed"
"48475","Ward","https://www.co.ward.tx.us/page/ward.Public.Notices.Calendar","https://www.co.ward.tx.us/","https://newtools.cira.state.tx.us/page/calrss/38381/0/calendar.rss","https://www.county.org/content-library/maps/counties/ward-county","2026-09-11T18:52:02.845611+00:00","Reviewed"
"48477","Washington","https://www.co.washington.tx.us/page/washington.PublicNotices","https://www.co.washington.tx.us/","https://newtools.cira.state.tx.us/page/calrss/3265/0/calendar.rss","https://www.county.org/content-library/maps/counties/washington-county","2026-09-11T18:52:04.299205+00:00","Reviewed"
"48479","Webb","","https://www.webbcountytx.gov/","","https://www.county.org/content-library/maps/counties/webb-county","2026-09-11T18:52:05.800074+00:00","Reviewed"
"48481","Wharton","https://www.co.wharton.tx.us/page/wharton.PublicNotices","https://www.co.wharton.tx.us/","https://newtools.cira.state.tx.us/page/calrss/36620/0/calendar.rss","https://www.county.org/content-library/maps/counties/wharton-county","2026-09-11T18:52:05.841598+00:00","Reviewed"
"48483","Wheeler","https://www.wheelercounty.texas.gov/page/PublicNotices","https://www.wheelercounty.texas.gov/","","https://www.county.org/content-library/maps/counties/wheeler-county","2026-09-11T18:52:07.481782+00:00","Reviewed"
"48485","Wichita","https://wichitacountytx.com/public-notices-public-notices/","https://wichitacountytx.com/","","https://www.county.org/content-library/maps/counties/wichita-county","2026-09-11T18:52:07.604996+00:00","Reviewed"
"48487","Wilbarger","https://www.co.wilbarger.tx.us/page/PublicNotices","https://www.co.wilbarger.tx.us/","https://www.co.wilbarger.tx.us/page/calrss/1370/0/calendar.rss","https://www.county.org/content-library/maps/counties/wilbarger-county","2026-09-11T18:52:09.262162+00:00","Reviewed"
"48489","Willacy","https://www.willacy.gov/page/willacy.Public.Notices","https://www.willacy.gov/","","https://www.county.org/content-library/maps/counties/willacy-county","2026-09-11T18:52:09.313628+00:00","Reviewed"
"48491","Williamson","","https://www.wilcotx.gov/","","https://www.county.org/content-library/maps/counties/williamson-county","2026-09-11T18:52:10.779371+00:00","Reviewed"
"48493","Wilson","https://www.co.wilson.tx.us/page/wilson.PublicNotices","https://www.co.wilson.tx.us/","","https://www.county.org/content-library/maps/counties/wilson-county","2026-09-11T18:52:11.041321+00:00","Reviewed"
"48495","Winkler","","https://www.co.winkler.tx.us/","","https://www.county.org/content-library/maps/counties/winkler-county","2026-09-11T18:52:11.469586+00:00","Reviewed"
"48497","Wise","","https://www.co.wise.tx.us/","","https://www.county.org/content-library/maps/counties/wise-county","2026-09-11T18:52:13.608547+00:00","Reviewed"
"48499","Wood","https://www.mywoodcounty.com/page/public_notice_main","https://www.mywoodcounty.com/","","https://www.county.org/content-library/maps/counties/wood-county","2026-09-11T18:52:13.707183+00:00","Reviewed"
"48501","Yoakum","https://www.yoakumcounty.gov/page/OtherPublicNotice","https://www.yoakumcounty.gov/","","https://www.county.org/content-library/maps/counties/yoakum-county","2026-09-11T18:52:14.111454+00:00","Reviewed"
"48503","Young","https://www.co.young.tx.us/page/young.PublicNotices","https://www.co.young.tx.us/","https://newtools.cira.state.tx.us/page/calrss/6394/0/calendar.rss","https://www.county.org/content-library/maps/counties/young-county","2026-09-11T18:52:14.449718+00:00","Reviewed"
"48505","Zapata","https://www.co.zapata.tx.us/page/zapata.Public.Notices","https://www.co.zapata.tx.us/","","https://www.county.org/content-library/maps/counties/zapata-county","2026-09-11T18:52:15.111204+00:00","Reviewed"
"48507","Zavala","https://www.co.zavala.tx.us/page/open/907/0/Zavala%20County%20Public%20Notice%20Tax%20Abatement%20Public%20Hearing.docx","https://www.co.zavala.tx.us/","","https://www.county.org/content-library/maps/counties/zavala-county","2026-09-11T18:52:22.909910+00:00","Reviewed"
