host,name,original_counties,observed_local_items,observed_total_items,status,reason
addisonindependent.com,Addison Independent,vermont/addison,1,10,approved,Publisher masthead/service area and observed local reporting support the listed canonical counties; cities were resolved within their state. Directory approval does not grant county-tier trust.
1440wrok.com,WROK 1440 AM / 96.1 FM,indiana/madison,1,15,pending,Needs current publisher identity and county service-area review; raw search matches alone are insufficient.
aljazeera.com,Al Jazeera English,georgia/spalding,0,15,pending,Needs current publisher identity and county service-area review; raw search matches alone are insufficient.
advocate.com,advocate,virginia/king-george,0,15,pending,Needs current publisher identity and county service-area review; raw search matches alone are insufficient.
alaska-native-news.com,Alaska Native News,alaska/skagway,0,10,pending,Needs current publisher identity and county service-area review; raw search matches alone are insufficient.
48hills.org,48 Hills,wisconsin/wood,0,10,pending,Needs current publisher identity and county service-area review; raw search matches alone are insufficient.
almanacnews.com,Almanac Online,california/imperial,0,10,pending,Needs current publisher identity and county service-area review; raw search matches alone are insufficient.
americanbazaaronline.com,The American Bazaar,south-carolina/chester,0,10,pending,Needs current publisher identity and county service-area review; raw search matches alone are insufficient.
arizonadailyindependent.com,arizonadailyindependent,arizona/yuma,0,10,pending,Needs current publisher identity and county service-area review; raw search matches alone are insufficient.
attackofthefanboy.com,Attack of the Fanboy,georgia/polk,0,15,pending,Needs current publisher identity and county service-area review; raw search matches alone are insufficient.
allongeorgia.com,AllOnGeorgia,georgia/henry,0,10,pending,Needs current publisher identity and county service-area review; raw search matches alone are insufficient.
aroundosceola.com,Osceola News Gazette,florida/osceola,2,10,approved,Publisher masthead/service area and observed local reporting support the listed canonical counties; cities were resolved within their state. Directory approval does not grant county-tier trust.
bankingdive.com,Banking Dive,florida/madison,0,10,pending,Needs current publisher identity and county service-area review; raw search matches alone are insufficient.
americanbanker.com,American Banker,missouri/franklin,1,10,pending,Needs current publisher identity and county service-area review; raw search matches alone are insufficient.
aviationpros.com,Aviation Pros,virginia/manassas,1,15,pending,Needs current publisher identity and county service-area review; raw search matches alone are insufficient.
bbcmag.com,Broadband Communities,indiana/allen,1,10,pending,Needs current publisher identity and county service-area review; raw search matches alone are insufficient.
25newsnow.com,25 News Now,illinois/tazewell,1,15,pending,Needs current publisher identity and county service-area review; raw search matches alone are insufficient.
atmoreadvance.com,The Atmore Advance,alabama/escambia,5,15,held,HTTP 403
bendsource.com,The Source Weekly,oregon/deschutes,2,10,approved,Publisher masthead/service area and observed local reporting support the listed canonical counties; cities were resolved within their state. Directory approval does not grant county-tier trust.
boereport.com,BOE Report,wisconsin/iron,0,15,pending,Needs current publisher identity and county service-area review; raw search matches alone are insufficient.
berksweekly.com,Berks Weekly,pennsylvania/berks,2,10,approved,Publisher masthead/service area and observed local reporting support the listed canonical counties; cities were resolved within their state. Directory approval does not grant county-tier trust.
buckrail.com,Buckrail,idaho/teton,1,15,approved,"Jackson Hole newsroom in Teton County, Wyoming. Idaho search observation is not sufficient to approve a separate county listing."
baltimorebrew.com,Baltimore Brew,maryland/baltimore,3,10,held,HTTP 502
carsonnow.org,Carson Now,nevada/storey,0,10,pending,Needs current publisher identity and county service-area review; raw search matches alone are insufficient.
bupipedream.com,Pipe Dream,new-york/broome,7,15,approved,"Binghamton University student newspaper, located in Broome County, New York."
chapelboro.com,Chapelboro,north-carolina/chatham,0,15,pending,Needs current publisher identity and county service-area review; raw search matches alone are insufficient.
catcountry1073.com,Cat Country 107.3,new-jersey/cumberland,0,15,pending,Needs current publisher identity and county service-area review; raw search matches alone are insufficient.
circleofblue.org,Circle of Blue,michigan/gratiot,0,12,pending,Needs current publisher identity and county service-area review; raw search matches alone are insufficient.
brobible.com,BroBible,mississippi/choctaw,0,15,pending,Needs current publisher identity and county service-area review; raw search matches alone are insufficient.
claiborneprogress.net,Claiborne Progress,tennessee/campbell,0,10,pending,Needs current publisher identity and county service-area review; raw search matches alone are insufficient.
capjournal.com,The Capital Journal,south-dakota/stanley,0,15,pending,Needs current publisher identity and county service-area review; raw search matches alone are insufficient.
cjr.org,Cjr,ohio/athens,0,10,pending,Needs current publisher identity and county service-area review; raw search matches alone are insufficient.
cals.ncsu.edu,College of Agriculture and Life Sciences,north-carolina/person,1,10,pending,Needs current publisher identity and county service-area review; raw search matches alone are insufficient.
clackamas.us,Clackamas County,oregon/clackamas,1,10,pending,Needs current publisher identity and county service-area review; raw search matches alone are insufficient.
cnyhomepage.com,CNYhomepage,new-york/otsego,0,10,pending,Needs current publisher identity and county service-area review; raw search matches alone are insufficient.
cointelegraph.com,Cointelegraph,tennessee/hawkins,0,15,pending,Needs current publisher identity and county service-area review; raw search matches alone are insufficient.
clermontsun.com,The Clermont Sun,ohio/clermont,3,10,approved,Publisher masthead/service area and observed local reporting support the listed canonical counties; cities were resolved within their state. Directory approval does not grant county-tier trust.
communitynewspapers.com,Miami Community Newspapers,florida/broward,0,15,pending,Needs current publisher identity and county service-area review; raw search matches alone are insufficient.
conservativebrief.com,conservativebrief,georgia/gwinnett,0,15,pending,Needs current publisher identity and county service-area review; raw search matches alone are insufficient.
coolcleveland.com,CoolCleveland,ohio/geauga,0,15,pending,Needs current publisher identity and county service-area review; raw search matches alone are insufficient.
county17.com,County 17,wyoming/campbell,6,15,approved,Publisher masthead/service area and observed local reporting support the listed canonical counties; cities were resolved within their state. Directory approval does not grant county-tier trust.
cryptobriefing.com,Crypto Briefing,georgia/columbia,0,15,pending,Needs current publisher identity and county service-area review; raw search matches alone are insufficient.
crooksandliars.com,Crooks and Liars,texas/tarrant,0,15,pending,Needs current publisher identity and county service-area review; raw search matches alone are insufficient.
danvillesanramon.com,Danvillesanramon,california/alameda,0,10,pending,Needs current publisher identity and county service-area review; raw search matches alone are insufficient.
denofgeek.com,Den Of Geek,california/yuba,0,10,pending,Needs current publisher identity and county service-area review; raw search matches alone are insufficient.
cobbcountycourier.com,Cobb County Courier,georgia/cobb,1,10,approved,Publisher masthead/service area and observed local reporting support the listed canonical counties; cities were resolved within their state. Directory approval does not grant county-tier trust.
duboiscountyfreepress.com,Dubois County Free Press,indiana/dubois,4,10,approved,Publisher masthead/service area and observed local reporting support the listed canonical counties; cities were resolved within their state. Directory approval does not grant county-tier trust.
drgnews.com,DRGNews,south-dakota/stanley,0,10,pending,Needs current publisher identity and county service-area review; raw search matches alone are insufficient.
dnews.com,Moscow-Pullman Daily News,idaho/valley,0,15,pending,Needs current publisher identity and county service-area review; raw search matches alone are insufficient.
dailyillini.com,The Daily Illini,illinois/champaign,2,15,approved,Publisher masthead/service area and observed local reporting support the listed canonical counties; cities were resolved within their state. Directory approval does not grant county-tier trust.
edgarcountywatchdogs.com,Edgar County Watchdogs,illinois/whiteside,1,10,pending,Needs current publisher identity and county service-area review; raw search matches alone are insufficient.
crawfordcountynow.com,crawfordcountynow,ohio/crawford,2,15,approved,"Publisher explicitly describes Bucyrus and Crawford County, Ohio reporting and its WQEL/WBCO radio services."
edsource.org,EdSource,california/marin,0,15,pending,Needs current publisher identity and county service-area review; raw search matches alone are insufficient.
effinghamradio.com,Effingham Radio,illinois/douglas,0,10,pending,Needs current publisher identity and county service-area review; raw search matches alone are insufficient.
elkhornmediagroup.com,Elkhorn Media Group,oregon/deschutes,0,10,pending,Needs current publisher identity and county service-area review; raw search matches alone are insufficient.
fcfreepresspa.com,Franklin County Free Press,pennsylvania/adams,0,10,pending,Needs current publisher identity and county service-area review; raw search matches alone are insufficient.
fcnp.com,Falls Church News-Press,virginia/falls-church,2,10,approved,Publisher masthead/service area and observed local reporting support the listed canonical counties; cities were resolved within their state. Directory approval does not grant county-tier trust.
eurweb.com,EURweb,georgia/lee,0,15,pending,Needs current publisher identity and county service-area review; raw search matches alone are insufficient.
finance-commerce.com,Finance & Commerce,wisconsin/columbia,0,10,pending,Needs current publisher identity and county service-area review; raw search matches alone are insufficient.
futurism.com,Futurism,ohio/holmes,0,15,pending,Needs current publisher identity and county service-area review; raw search matches alone are insufficient.
farmprogress.com,Farm Progress,ohio/seneca,0,15,pending,Needs current publisher identity and county service-area review; raw search matches alone are insufficient.
fox5vegas.com,FOX5 Las Vegas,nevada/nye,0,15,pending,Needs current publisher identity and county service-area review; raw search matches alone are insufficient.
fstribune.com,Fort Scott Tribune,kansas/bourbon,7,15,held,HTTP 403
fergusfallsjournal.com,Fergus Falls Journal,minnesota/otter-tail,5,15,approved,Publisher masthead/service area and observed local reporting support the listed canonical counties; cities were resolved within their state. Directory approval does not grant county-tier trust.
gizmodo.com,gizmodo,wyoming/laramie,0,15,pending,Needs current publisher identity and county service-area review; raw search matches alone are insufficient.
georgiarecorder.com,Georgia Recorder,georgia/muscogee,0,15,approved,"State-focused newsroom identified by the States Newsroom network directory and verified on the publisher website. Listed as a statewide supplement, not as a county-based newsroom."
greenfieldvedette.com,Greenfield Vedette Online,missouri/polk,0,15,pending,Needs current publisher identity and county service-area review; raw search matches alone are insufficient.
hconews.com,HCO News,georgia/columbia,1,10,pending,Needs current publisher identity and county service-area review; raw search matches alone are insufficient.
gazettejournal.net,Gazette Journal,virginia/gloucester,0,10,pending,Needs current publisher identity and county service-area review; raw search matches alone are insufficient.
hellomagazine.com,Hello!,arizona/gila,0,15,pending,Needs current publisher identity and county service-area review; raw search matches alone are insufficient.
gwhatchet.com,The GW Hatchet,virginia/loudoun,0,10,pending,Needs current publisher identity and county service-area review; raw search matches alone are insufficient.
gbtribune.com,Great Bend Tribune,kansas/pawnee,1,10,approved,Publisher explicitly identifies Barton and Pawnee counties and their towns in its service-area description.
horrorfuel.com,Horrorfuel,virginia/winchester,0,10,pending,Needs current publisher identity and county service-area review; raw search matches alone are insufficient.
houmatimes.com,The Times of Houma/Thibodaux,louisiana/terrebonne,1,10,approved,Houma/Thibodaux masthead and current Terrebonne/Lafourche reporting support both Louisiana parishes.
indyweek.com,Indy Week,north-carolina/wake,2,10,approved,"Publisher explicitly identifies Raleigh, Durham, Chapel Hill and the Triangle; mapped to Wake, Durham and Orange counties."
independentherald.com,Independent Herald,west-virginia/kanawha,3,10,held,Ownership and statewide coverage recently changed; needs recertification.
ibtimes.sg,International Business Times Singapore,kentucky/bourbon,0,15,pending,Needs current publisher identity and county service-area review; raw search matches alone are insufficient.
heraldstandard.com,Herald-Standard,pennsylvania/greene,0,10,pending,Needs current publisher identity and county service-area review; raw search matches alone are insufficient.
iredellfreenews.com,Iredell Free News,north-carolina/iredell,6,15,approved,Publisher masthead/service area and observed local reporting support the listed canonical counties; cities were resolved within their state. Directory approval does not grant county-tier trust.
informnny.com,InformNNY,new-york/jefferson,2,10,held,HTTP 403
ironmountaindailynews.com,The Daily News,wisconsin/florence,0,10,pending,Needs current publisher identity and county service-area review; raw search matches alone are insufficient.
kelo.com,KELO-AM,south-dakota/union,0,10,pending,Needs current publisher identity and county service-area review; raw search matches alone are insufficient.
kaaltv.com,KAAL TV,minnesota/winona,1,15,pending,Needs current publisher identity and county service-area review; raw search matches alone are insufficient.
interestingengineering.com,Interesting Engineering,california/ventura,0,10,pending,Needs current publisher identity and county service-area review; raw search matches alone are insufficient.
kgab.com,KGAB,wyoming/laramie,4,15,approved,Publisher masthead/service area and observed local reporting support the listed canonical counties; cities were resolved within their state. Directory approval does not grant county-tier trust.
kiss951.com,Kiss 95.1,south-carolina/york,1,15,pending,Needs current publisher identity and county service-area review; raw search matches alone are insufficient.
khak.com,98.1 KHAK,iowa/linn,0,15,pending,Needs current publisher identity and county service-area review; raw search matches alone are insufficient.
knsiradio.com,KNSI,minnesota/stearns,0,10,pending,Needs current publisher identity and county service-area review; raw search matches alone are insufficient.
kbhbradio.com,kbhbradio,south-dakota/meade,1,15,approved,Publisher masthead/service area and observed local reporting support the listed canonical counties; cities were resolved within their state. Directory approval does not grant county-tier trust.
kpbs.org,KPBS,california/imperial,1,12,approved,KPBS explicitly serves San Diego and Imperial counties through both public television and radio.
krmg.com,KRMG,oklahoma/muskogee,0,10,pending,Needs current publisher identity and county service-area review; raw search matches alone are insufficient.
krtv.com,KRTV,montana/cascade,0,10,pending,Needs current publisher identity and county service-area review; raw search matches alone are insufficient.
kscbnews.net,KSCB Radio News,kansas/stevens,4,10,approved,"Liberal, Kansas station serves southwest Kansas and the panhandles; only reviewed Seward and Stevens county relationships are listed."
ksnt.com,KSNT,kansas/shawnee,7,15,held,HTTP 403
knoe.com,KNOE,arkansas/union,0,15,pending,Needs current publisher identity and county service-area review; raw search matches alone are insufficient.
ktlo.com,KTLO,arkansas/madison,0,10,pending,Needs current publisher identity and county service-area review; raw search matches alone are insufficient.
ktvq.com,KTVQ,montana/yellowstone,1,3,approved,Publisher masthead/service area and observed local reporting support the listed canonical counties; cities were resolved within their state. Directory approval does not grant county-tier trust.
kyma.com,KYMA,arizona/pima,0,15,pending,Needs current publisher identity and county service-area review; raw search matches alone are insufficient.
lakeconews.com,Lake County News,california/lake,4,9,approved,Publisher masthead/service area and observed local reporting support the listed canonical counties; cities were resolved within their state. Directory approval does not grant county-tier trust.
lebanonlocalnews.com,Lebanon Local,oregon/curry,1,10,pending,Needs current publisher identity and county service-area review; raw search matches alone are insufficient.
kroc.com,106.9 KROC,minnesota/dakota,0,15,pending,Needs current publisher identity and county service-area review; raw search matches alone are insufficient.
knue.com,101.5 KNUE Country Radio,texas/anderson,0,15,pending,Needs current publisher identity and county service-area review; raw search matches alone are insufficient.
longislandpress.com,Long Island Press,new-york/nassau,1,10,approved,Publisher explicitly identifies Nassau and Suffolk County readers.
lewistownsentinel.com,The Sentinel,pennsylvania/mifflin,1,10,approved,Publisher masthead/service area and observed local reporting support the listed canonical counties; cities were resolved within their state. Directory approval does not grant county-tier trust.
losalamosreporter.com,Los Alamos Reporter,new-mexico/los-alamos,5,15,approved,Publisher masthead/service area and observed local reporting support the listed canonical counties; cities were resolved within their state. Directory approval does not grant county-tier trust.
lightreading.com,Light Reading,florida/seminole,0,15,pending,Needs current publisher identity and county service-area review; raw search matches alone are insufficient.
lockhaven.com,The Express - Lock Haven,pennsylvania/clinton,2,10,approved,Publisher masthead/service area and observed local reporting support the listed canonical counties; cities were resolved within their state. Directory approval does not grant county-tier trust.
demingheadlight.com,Deming Headlight,new-mexico/luna,1,10,approved,Publisher masthead/service area and observed local reporting support the listed canonical counties; cities were resolved within their state. Directory approval does not grant county-tier trust.
just-drinks.com,Drinks,kentucky/garrard,0,10,pending,Needs current publisher identity and county service-area review; raw search matches alone are insufficient.
missourinet.com,Missourinet,missouri/camden,0,15,pending,Needs current publisher identity and county service-area review; raw search matches alone are insufficient.
michigancapitolconfidential.com,Michigan Capitol Confidential,michigan/genesee,1,15,pending,Needs current publisher identity and county service-area review; raw search matches alone are insufficient.
ms.now,ms,texas/tarrant,0,10,pending,Needs current publisher identity and county service-area review; raw search matches alone are insufficient.
mycentraloregon.com,Mycentraloregon,oregon/crook,0,10,pending,Needs current publisher identity and county service-area review; raw search matches alone are insufficient.
nbc26.com,NBC26,wisconsin/manitowoc,0,3,pending,Needs current publisher identity and county service-area review; raw search matches alone are insufficient.
morningjournalnews.com,Morning Journal,ohio/mahoning,0,10,pending,Needs current publisher identity and county service-area review; raw search matches alone are insufficient.
nbcsandiego.com,NBC 7 San Diego,california/san-diego,6,15,approved,Publisher masthead/service area and observed local reporting support the listed canonical counties; cities were resolved within their state. Directory approval does not grant county-tier trust.
mountainhomenews.com,Mountain Home News,idaho/gem,1,15,pending,Needs current publisher identity and county service-area review; raw search matches alone are insufficient.
mywabashvalley.com,Mywabashvalley,indiana/martin,0,15,pending,Needs current publisher identity and county service-area review; raw search matches alone are insufficient.
neatowncourier.com,NEA Town Courier,arkansas/mississippi,7,15,held,HTTP 403
newsradio1310.com,News Radio 1310 KLIX,idaho/jerome,0,15,pending,Needs current publisher identity and county service-area review; raw search matches alone are insufficient.
northcarolinahealthnews.org,North Carolina Health News,north-carolina/davie,1,10,pending,Needs current publisher identity and county service-area review; raw search matches alone are insufficient.
nextcity.org,Next City,virginia/charlottesville,0,15,pending,Needs current publisher identity and county service-area review; raw search matches alone are insufficient.
northfortynews.com,North Forty News,colorado/larimer,2,10,approved,"Northern Colorado publisher lists reporting by area for Fort Collins, Loveland and Greeley; mapped to Larimer and Weld counties."
northwestgeorgianews.com,Northwest Georgia News,georgia/catoosa,0,15,pending,Needs current publisher identity and county service-area review; raw search matches alone are insufficient.
observertoday.com,Observer Today,new-york/chautauqua,3,10,approved,Publisher masthead/service area and observed local reporting support the listed canonical counties; cities were resolved within their state. Directory approval does not grant county-tier trust.
oregonbusiness.com,Oregon Business,oregon/lake,0,10,pending,Needs current publisher identity and county service-area review; raw search matches alone are insufficient.
northescambia.com,Northescambia,florida/escambia,4,10,held,Robots unavailable: _ssl.c:1064: The handshake operation timed out
parkrecord.com,The Park Record,utah/wasatch,1,10,pending,Needs current publisher identity and county service-area review; raw search matches alone are insufficient.
pbn.com,Providence Business News,rhode-island/newport,0,10,pending,Needs current publisher identity and county service-area review; raw search matches alone are insufficient.
paisano-online.com,The Paisano,texas/bexar,5,10,approved,"University of Texas at San Antonio independent student newspaper, Bexar County, Texas."
radioink.com,Radio Ink,kentucky/morgan,0,10,pending,Needs current publisher identity and county service-area review; raw search matches alone are insufficient.
plasticstoday.com,Plastics Today,north-carolina/henderson,0,15,pending,Needs current publisher identity and county service-area review; raw search matches alone are insufficient.
poynter.org,Poynter,alaska/northwest-arctic,0,10,pending,Needs current publisher identity and county service-area review; raw search matches alone are insufficient.
redmondspokesman.com,The Redmond Spokesman,oregon/crook,0,10,pending,Needs current publisher identity and county service-area review; raw search matches alone are insufficient.
pineandlakes.com,Pine and Lakes Echo Journal,minnesota/cass,3,15,approved,Publisher masthead/service area and observed local reporting support the listed canonical counties; cities were resolved within their state. Directory approval does not grant county-tier trust.
rebusinessonline.com,REBusinessOnline,texas/briscoe,0,15,pending,Needs current publisher identity and county service-area review; raw search matches alone are insufficient.
redrocknews.com,Sedona Red Rock News,arizona/yavapai,2,5,approved,Publisher masthead/service area and observed local reporting support the listed canonical counties; cities were resolved within their state. Directory approval does not grant county-tier trust.
rermag.com,Rental Equipment Register,virginia/culpeper,0,15,pending,Needs current publisher identity and county service-area review; raw search matches alone are insufficient.
reviewonline.com,The Review,west-virginia/hancock,0,10,pending,Needs current publisher identity and county service-area review; raw search matches alone are insufficient.
rocklandtimes.com,Rockland County Times,new-york/rockland,1,10,approved,Publisher masthead/service area and observed local reporting support the listed canonical counties; cities were resolved within their state. Directory approval does not grant county-tier trust.
satnews.com,Satellite News,arizona/cochise,0,10,pending,Needs current publisher identity and county service-area review; raw search matches alone are insufficient.
richlandtoday.com,Richlandtoday,wisconsin/richland,4,10,held,Wrong state in queue and inconsistent current site identity; do not approve.
santamariasun.com,Santa Maria Sun,california/santa-barbara,3,10,approved,Publisher masthead/service area and observed local reporting support the listed canonical counties; cities were resolved within their state. Directory approval does not grant county-tier trust.
scientificamerican.com,Scientific American magazine,north-carolina/wilson,0,15,pending,Needs current publisher identity and county service-area review; raw search matches alone are insufficient.
sentientmedia.org,Sentient Media,iowa/monona,1,10,pending,Needs current publisher identity and county service-area review; raw search matches alone are insufficient.
smokymountainnews.com,Smoky Mountain News,north-carolina/swain,0,10,pending,Needs current publisher identity and county service-area review; raw search matches alone are insufficient.
shelbycountyreporter.com,Shelby County Reporter,alabama/shelby,7,15,held,HTTP 403
snjtoday.com,SNJ Today,new-jersey/salem,0,4,pending,Needs current publisher identity and county service-area review; raw search matches alone are insufficient.
spacecoastdaily.com,Space Coast Daily,florida/brevard,4,12,approved,Publisher masthead/service area and observed local reporting support the listed canonical counties; cities were resolved within their state. Directory approval does not grant county-tier trust.
southwhidbeyrecord.com,South Whidbey Record,washington/island,4,10,approved,Publisher masthead/service area and observed local reporting support the listed canonical counties; cities were resolved within their state. Directory approval does not grant county-tier trust.
statnews.com,STAT,kentucky/estill,0,15,pending,Needs current publisher identity and county service-area review; raw search matches alone are insufficient.
statecollege.com,State College,pennsylvania/centre,3,10,approved,Publisher masthead/service area and observed local reporting support the listed canonical counties; cities were resolved within their state. Directory approval does not grant county-tier trust.
stlmag.com,St. Louis Magazine,missouri/pulaski,0,10,pending,Needs current publisher identity and county service-area review; raw search matches alone are insufficient.
steamboatpilot.com,Steamboat Pilot & Today,colorado/routt,7,15,approved,Publisher masthead/service area and observed local reporting support the listed canonical counties; cities were resolved within their state. Directory approval does not grant county-tier trust.
stnonline.com,School Transportation News,nevada/churchill,0,10,pending,Needs current publisher identity and county service-area review; raw search matches alone are insufficient.
summitdaily.com,Summitdaily,colorado/summit,7,15,approved,Publisher masthead/service area and observed local reporting support the listed canonical counties; cities were resolved within their state. Directory approval does not grant county-tier trust.
tallahasseereports.com,Tallahassee Reports,florida/leon,4,10,approved,Publisher masthead/service area and observed local reporting support the listed canonical counties; cities were resolved within their state. Directory approval does not grant county-tier trust.
theassemblync.com,The Assembly NC,north-carolina/nash,0,10,pending,Needs current publisher identity and county service-area review; raw search matches alone are insufficient.
securities.io,Securities Io,texas/milam,0,15,pending,Needs current publisher identity and county service-area review; raw search matches alone are insufficient.
talbotspy.org,Talbot Spy,maryland/talbot,1,15,approved,Publisher about/contact pages explicitly identify the Talbot community newsroom; ignore a conflicting syndicated homepage metadata description.
thecentralvirginian.com,The Central Virginian,virginia/louisa,3,10,approved,Publisher masthead/service area and observed local reporting support the listed canonical counties; cities were resolved within their state. Directory approval does not grant county-tier trust.
theclaytontribune.com,The Clayton Tribune,georgia/rabun,2,10,approved,Publisher masthead/service area and observed local reporting support the listed canonical counties; cities were resolved within their state. Directory approval does not grant county-tier trust.
thepostsearchlight.com,The Post-Searchlight,georgia/decatur,0,10,pending,Needs current publisher identity and county service-area review; raw search matches alone are insufficient.
thefallonpost.org,The Fallon Post,nevada/churchill,4,15,approved,Publisher masthead/service area and observed local reporting support the listed canonical counties; cities were resolved within their state. Directory approval does not grant county-tier trust.
stuttgartdailyleader.com,Stuttgart Daily Leader,arkansas/arkansas,2,15,approved,Publisher masthead/service area and observed local reporting support the listed canonical counties; cities were resolved within their state. Directory approval does not grant county-tier trust.
theurbanist.org,The Urbanist,washington/snohomish,2,15,approved,Publisher describes Puget Sound advocacy journalism; reviewed King and Snohomish county coverage subset. Listing does not imply endorsement.
sanjuanjournal.com,The Journal of the San Juan Islands,washington/san-juan,3,10,approved,Publisher masthead/service area and observed local reporting support the listed canonical counties; cities were resolved within their state. Directory approval does not grant county-tier trust.
thewrap.com,TheWrap,pennsylvania/bucks,0,10,pending,Needs current publisher identity and county service-area review; raw search matches alone are insufficient.
thevillagereporter.com,The Village Reporter,ohio/fulton,6,15,approved,"Publisher masthead and 2026 rate card explicitly identify Fulton and Williams counties, Ohio."
thetandd.com,The Times and Democrat,south-carolina/orangeburg,0,15,pending,Needs current publisher identity and county service-area review; raw search matches alone are insufficient.
transportationtodaynews.com,Transportation Today,north-carolina/scotland,0,15,pending,Needs current publisher identity and county service-area review; raw search matches alone are insufficient.
tnecd.com,Tennessee Department of Economic & Community Development,tennessee/hawkins,1,10,pending,Needs current publisher identity and county service-area review; raw search matches alone are insufficient.
truthout.org,Truthout,texas/tarrant,0,15,pending,Needs current publisher identity and county service-area review; raw search matches alone are insufficient.
tidewaternews.com,Tidewater News,virginia/southampton,3,10,held,Current site emphasizes guest posts and national commercial content; historical Southampton newspaper identity is not established by the current masthead. Hold for ownership/local reporting verification.
turnto23.com,23ABC News Bakersfield,california/kern,2,3,approved,Publisher masthead/service area and observed local reporting support the listed canonical counties; cities were resolved within their state. Directory approval does not grant county-tier trust.
timesrepublican.com,Times Republican,indiana/owen,0,10,pending,Needs current publisher identity and county service-area review; raw search matches alone are insufficient.
tsln.com,Tri-State Livestock News,south-dakota/meade,1,15,pending,Needs current publisher identity and county service-area review; raw search matches alone are insufficient.
tristatehomepage.com,Tristatehomepage,indiana/pike,0,10,pending,Needs current publisher identity and county service-area review; raw search matches alone are insufficient.
vogue.com,Vogue,rhode-island/newport,0,15,pending,Needs current publisher identity and county service-area review; raw search matches alone are insufficient.
villages-news.com,Villages News,florida/sumter,0,15,pending,Needs current publisher identity and county service-area review; raw search matches alone are insufficient.
urbanmilwaukee.com,Urban Milwaukee,wisconsin/milwaukee,5,15,approved,Publisher masthead/service area and observed local reporting support the listed canonical counties; cities were resolved within their state. Directory approval does not grant county-tier trust.
ucsf.edu,UC San Francisco,california/madera,0,10,pending,Needs current publisher identity and county service-area review; raw search matches alone are insufficient.
tuscaloosathread.com,Tuscaloosa Thread,alabama/shelby,0,15,pending,Needs current publisher identity and county service-area review; raw search matches alone are insufficient.
wfmd.com,WFMD-AM,maryland/carroll,0,10,pending,Needs current publisher identity and county service-area review; raw search matches alone are insufficient.
wccbcharlotte.com,WCCB Charlotte,south-carolina/georgetown,0,15,pending,Needs current publisher identity and county service-area review; raw search matches alone are insufficient.
whatsupnewp.com,What's Up Newp,rhode-island/newport,4,15,approved,Publisher masthead/service area and observed local reporting support the listed canonical counties; cities were resolved within their state. Directory approval does not grant county-tier trust.
wgmd.com,WGMD,maryland/dorchester,0,10,pending,Needs current publisher identity and county service-area review; raw search matches alone are insufficient.
wagmtv.com,WAGM-TV,maine/aroostook,0,15,pending,Needs current publisher identity and county service-area review; raw search matches alone are insufficient.
whec.com,News10NBC,new-york/genesee,0,15,pending,Needs current publisher identity and county service-area review; raw search matches alone are insufficient.
wkbw.com,WKBW,new-york/erie,3,4,approved,Publisher masthead/service area and observed local reporting support the listed canonical counties; cities were resolved within their state. Directory approval does not grant county-tier trust.
wgel.com,wgel,illinois/clinton,0,10,pending,Needs current publisher identity and county service-area review; raw search matches alone are insufficient.
wkdzradio.com,WKDZ Radio,kentucky/caldwell,0,10,pending,Needs current publisher identity and county service-area review; raw search matches alone are insufficient.
wjon.com,WJON,minnesota/stearns,3,15,approved,Publisher masthead/service area and observed local reporting support the listed canonical counties; cities were resolved within their state. Directory approval does not grant county-tier trust.
wtaq.com,WTAQ News Talk,wisconsin/brown,0,10,pending,Needs current publisher identity and county service-area review; raw search matches alone are insufficient.
wmal.com,WMAL,virginia/manassas-park,0,10,pending,Needs current publisher identity and county service-area review; raw search matches alone are insufficient.
wlfi.com,WLFI News 18,indiana/tippecanoe,0,15,pending,Needs current publisher identity and county service-area review; raw search matches alone are insufficient.
willistonherald.com,Williston Herald,north-dakota/williams,2,15,approved,Publisher masthead/service area and observed local reporting support the listed canonical counties; cities were resolved within their state. Directory approval does not grant county-tier trust.
wsbradio.com,WSB Radio,georgia/butts,0,15,pending,Needs current publisher identity and county service-area review; raw search matches alone are insufficient.
wpgtalkradio.com,WPG Talk Radio 95.5 FM,new-jersey/atlantic,5,15,approved,Publisher masthead/service area and observed local reporting support the listed canonical counties; cities were resolved within their state. Directory approval does not grant county-tier trust.
wvnstv.com,WVNS-TV,west-virginia/wayne,0,10,pending,Needs current publisher identity and county service-area review; raw search matches alone are insufficient.
wyofile.com,WyoFile,wyoming/laramie,0,10,approved,"State-focused newsroom identified by the States Newsroom network directory and verified on the publisher website. Listed as a statewide supplement, not as a county-based newsroom."
wxxv25.com,WXXV News 25,mississippi/hancock,0,15,pending,Needs current publisher identity and county service-area review; raw search matches alone are insufficient.
abc17news.com,ABC17NEWS,illinois/boone;missouri/morgan,0,15,pending,Needs current publisher identity and county service-area review; raw search matches alone are insufficient.
1380kcim.com,1380 KCIM,iowa/carroll;iowa/greene,2,15,approved,Publisher masthead/service area and observed local reporting support the listed canonical counties; cities were resolved within their state. Directory approval does not grant county-tier trust.
abc57.com,ABC57,michigan/berrien;indiana/marshall,4,15,approved,South Bend newsroom explicitly serves Michiana; listed counties are the reviewed Indiana/southwest Michigan coverage subset.
wthitv.com,WTHI News10,indiana/jackson,0,15,pending,Needs current publisher identity and county service-area review; raw search matches alone are insufficient.
agrilifetoday.tamu.edu,AgriLife Today,texas/mason;texas/brazos,0,10,pending,Needs current publisher identity and county service-area review; raw search matches alone are insufficient.
wxhc.com,WXHC,new-york/cortland,4,10,approved,Publisher masthead/service area and observed local reporting support the listed canonical counties; cities were resolved within their state. Directory approval does not grant county-tier trust.
allhiphop.com,AllHipHop,ohio/butler;mississippi/hinds,0,10,pending,Needs current publisher identity and county service-area review; raw search matches alone are insufficient.
arstechnica.com,Ars Technica,missouri/jackson;wyoming/laramie,0,15,pending,Needs current publisher identity and county service-area review; raw search matches alone are insufficient.
aspendailynews.com,Aspen Daily News,colorado/pitkin;virginia/gloucester,3,15,held,HTTP 403
bizwest.com,BizWest,colorado/larimer;colorado/weld,2,10,approved,Publisher masthead/service area and observed local reporting support the listed canonical counties; cities were resolved within their state. Directory approval does not grant county-tier trust.
bnonews.com,BNO News,virginia/waynesboro;new-jersey/mercer,0,10,pending,Needs current publisher identity and county service-area review; raw search matches alone are insufficient.
bigfrog104.com,Big Frog 104,new-york/saratoga;new-york/seneca,0,15,pending,Needs current publisher identity and county service-area review; raw search matches alone are insufficient.
broadwayworld.com,BroadwayWorld,vermont/addison;pennsylvania/bucks,0,15,pending,Needs current publisher identity and county service-area review; raw search matches alone are insufficient.
badgerherald.com,The Badger Herald,wisconsin/dane;wisconsin/winnebago,2,10,approved,"University of Wisconsin-Madison independent student newspaper, Dane County. Exclude the Winnebago observation."
bbc.co.uk,BBC,tennessee/jackson;texas/kerr,0,15,pending,Needs current publisher identity and county service-area review; raw search matches alone are insufficient.
cascadiadaily.com,Cascadia Daily News,washington/skagit;washington/whatcom,1,10,approved,Publisher masthead/service area and observed local reporting support the listed canonical counties; cities were resolved within their state. Directory approval does not grant county-tier trust.
centraljersey.com,Central Jersey,pennsylvania/somerset;ohio/shelby,1,10,pending,Needs current publisher identity and county service-area review; raw search matches alone are insufficient.
cntraveler.com,Cond&#233; Nast Traveler,california/mono;california/plumas,0,15,pending,Needs current publisher identity and county service-area review; raw search matches alone are insufficient.
businessobserverfl.com,Business Observer,florida/pinellas;florida/sarasota,5,15,approved,Publisher masthead/service area and observed local reporting support the listed canonical counties; cities were resolved within their state. Directory approval does not grant county-tier trust.
coloradosun.com,The Colorado Sun,colorado/cheyenne;colorado/grand,0,10,pending,Needs current publisher identity and county service-area review; raw search matches alone are insufficient.
cbs42.com,CBS 42,alabama/clay;alabama/lee,0,15,pending,Needs current publisher identity and county service-area review; raw search matches alone are insufficient.
clintoncountydailynews.com,clintoncountydailynews,kentucky/clark;indiana/clinton,2,15,approved,"Frankfort, Indiana newsroom/radio site covering Clinton County; exclude the Kentucky observation."
coastalreview.org,Coastal Review Online,north-carolina/camden;north-carolina/pasquotank,0,15,pending,Needs current publisher identity and county service-area review; raw search matches alone are insufficient.
cryptopolitan.com,Cryptopolitan,georgia/cobb;georgia/marion,0,15,pending,Needs current publisher identity and county service-area review; raw search matches alone are insufficient.
collegian.com,The Rocky Mountain Collegian,colorado/weld;colorado/larimer,3,10,approved,"Colorado State University student newspaper in Fort Collins, Larimer County, Colorado."
cw39.com,CW39 Houston,texas/hardin;texas/jack,0,10,pending,Needs current publisher identity and county service-area review; raw search matches alone are insufficient.
denver7.com,Denver7,colorado/adams;colorado/jefferson,0,3,pending,Needs current publisher identity and county service-area review; raw search matches alone are insufficient.
dailyiowan.com,The Daily Iowan,iowa/johnson;iowa/washington,1,10,approved,Publisher masthead/service area and observed local reporting support the listed canonical counties; cities were resolved within their state. Directory approval does not grant county-tier trust.
defensenews.com,Defense News,tennessee/hickman;virginia/orange,0,15,pending,Needs current publisher identity and county service-area review; raw search matches alone are insufficient.
fox29.com,FOX 29 News Philadelphia,pennsylvania/centre;new-jersey/atlantic,0,15,pending,Needs current publisher identity and county service-area review; raw search matches alone are insufficient.
fastcompany.com,Fast Company,oregon/deschutes;texas/pecos,0,15,pending,Needs current publisher identity and county service-area review; raw search matches alone are insufficient.
fox9.com,FOX 9 Minneapolis-St. Paul,minnesota/meeker;minnesota/anoka,0,15,pending,Needs current publisher identity and county service-area review; raw search matches alone are insufficient.
floridatrend.com,Florida Trend,florida/taylor;florida/baker,0,4,pending,Needs current publisher identity and county service-area review; raw search matches alone are insufficient.
freebeacon.com,freebeacon,new-jersey/passaic;oregon/multnomah,1,15,pending,Needs current publisher identity and county service-area review; raw search matches alone are insufficient.
hechingerreport.org,The Hechinger Report,mississippi/issaquena;mississippi/oktibbeha,0,10,pending,Needs current publisher identity and county service-area review; raw search matches alone are insufficient.
henricocitizen.com,Henrico Citizen,virginia/henrico;virginia/staunton,3,15,approved,"Publisher explicitly identifies Henrico County, Virginia; same-name/city observations are excluded."
ft.com,The Financial Times,north-dakota/billings;florida/charlotte,0,15,pending,Needs current publisher identity and county service-area review; raw search matches alone are insufficient.
gephardtdaily.com,Gephardt Daily,utah/sevier;utah/weber,1,14,pending,Needs current publisher identity and county service-area review; raw search matches alone are insufficient.
highlandcountypress.com,The Highland County Press,ohio/highland;ohio/scioto,2,10,approved,"Hillsboro, Ohio newspaper; Highland County approved. Scioto search observation does not establish a separate county directory relationship."
heraldstaronline.com,The Herald Star,ohio/jefferson;west-virginia/hancock,3,10,approved,Publisher masthead/service area and observed local reporting support the listed canonical counties; cities were resolved within their state. Directory approval does not grant county-tier trust.
hightimes.com,High Times,florida/leon;maine/franklin,0,10,pending,Needs current publisher identity and county service-area review; raw search matches alone are insufficient.
hudsonvalleyone.com,Hudson Valley One,new-york/ulster;new-york/dutchess,4,15,approved,"Ulster Publishing newsroom and its Kingston, New Paltz and Woodstock coverage support Ulster County. Dutchess observation held without equivalent evidence."
hoosieragtoday.com,Hoosier Ag Today,indiana/spencer;indiana/whitley,0,15,pending,Needs current publisher identity and county service-area review; raw search matches alone are insufficient.
inc.com,Inc.,oregon/morrow;kentucky/mercer,0,15,pending,Needs current publisher identity and county service-area review; raw search matches alone are insufficient.
justthenews.com,Just The News,arkansas/arkansas;minnesota/hennepin,0,15,pending,Needs current publisher identity and county service-area review; raw search matches alone are insufficient.
ibtimes.com,International Business Times,kansas/wallace;illinois/dupage,0,15,pending,Needs current publisher identity and county service-area review; raw search matches alone are insufficient.
insideevs.com,Inside EVs,kentucky/warren;california/placer,0,15,pending,Needs current publisher identity and county service-area review; raw search matches alone are insufficient.
k105.com,K105,kentucky/grayson;kentucky/perry,7,15,approved,Publisher masthead/service area and observed local reporting support the listed canonical counties; cities were resolved within their state. Directory approval does not grant county-tier trust.
hometownstations.com,Hometownstations,ohio/allen;ohio/hancock,0,15,pending,Needs current publisher identity and county service-area review; raw search matches alone are insufficient.
khon2.com,KHON2,hawaii/maui;hawaii/hawaii,0,15,pending,Needs current publisher identity and county service-area review; raw search matches alone are insufficient.
kiwaradio.com,KIWA Radio,iowa/sioux;iowa/lyon,3,10,approved,"Publisher identifies Sioux County Daily, Lyon County Daily and Osceola County Daily as its local coverage partners."
kpax.com,KPAX News,montana/lake;montana/missoula,2,3,approved,"Publisher has explicit Missoula, Flathead and Ravalli desks, plus current Polson reporting in Lake County, Montana."
lgbtqnation.com,LGBTQ Nation,georgia/white;idaho/canyon,0,15,pending,Needs current publisher identity and county service-area review; raw search matches alone are insufficient.
kotaradio.com,KOTA Radio,south-dakota/meade;south-dakota/union,1,10,pending,Needs current publisher identity and county service-area review; raw search matches alone are insufficient.
localsyr.com,Localsyr,new-york/onondaga;new-york/seneca,7,15,held,HTTP 403
dailytidings.com,Ashland Daily Tidings,oregon/washington;oregon/morrow,1,10,pending,Needs current publisher identity and county service-area review; raw search matches alone are insufficient.
marinelink.com,MarineLink,washington/wahkiakum;virginia/virginia-beach,0,10,pending,Needs current publisher identity and county service-area review; raw search matches alone are insufficient.
lpm.org,Louisville Public Media,kentucky/bourbon;kentucky/oldham,1,12,pending,Needs current publisher identity and county service-area review; raw search matches alone are insufficient.
kjct8.com,KJCT8,colorado/montrose;ohio/adams,0,15,pending,Needs current publisher identity and county service-area review; raw search matches alone are insufficient.
memphisflyer.com,Memphis Flyer,tennessee/shelby;tennessee/fayette,2,10,approved,Publisher masthead/service area and observed local reporting support the listed canonical counties; cities were resolved within their state. Directory approval does not grant county-tier trust.
metro.co.uk,Metro,new-hampshire/grafton;florida/walton,0,15,pending,Needs current publisher identity and county service-area review; raw search matches alone are insufficient.
ksnblocal4.com,KSNB Local4,kansas/republic;nebraska/lancaster,0,15,pending,Needs current publisher identity and county service-area review; raw search matches alone are insufficient.
montanafreepress.org,Montana Free Press,montana/yellowstone;montana/missoula,2,8,pending,Needs current publisher identity and county service-area review; raw search matches alone are insufficient.
milanmirrorexchange.com,Milan Mirror Exchange,tennessee/dyer;tennessee/gibson,3,10,approved,"Current masthead is Gibson County News. Preserve the historical Milan Mirror-Exchange name as an alias; scope to Gibson County, Tennessee."
mychamplainvalley.com,Mychamplainvalley,vermont/chittenden;new-york/clinton,1,15,pending,Needs current publisher identity and county service-area review; raw search matches alone are insufficient.
live5news.com,Live 5 News,georgia/hancock;south-carolina/dorchester,1,15,pending,Needs current publisher identity and county service-area review; raw search matches alone are insufficient.
militarytimes.com,Military Times,ohio/pickaway;washington/thurston,0,15,pending,Needs current publisher identity and county service-area review; raw search matches alone are insufficient.
nbclosangeles.com,NBC Los Angeles,california/mendocino;california/ventura,0,15,pending,Needs current publisher identity and county service-area review; raw search matches alone are insufficient.
nsjonline.com,The North State Journal,north-carolina/scotland;north-carolina/durham,4,10,held,"Statewide outlet, not a county-native publisher; held for broader scope review."
nj1015.com,New Jersey 101.5,new-jersey/warren;new-jersey/cape-may,0,15,pending,Needs current publisher identity and county service-area review; raw search matches alone are insufficient.
orlandoweekly.com,Orlando Weekly,florida/volusia;florida/lake,0,10,pending,Needs current publisher identity and county service-area review; raw search matches alone are insufficient.
paloaltoonline.com,Palo Alto Online,california/san-mateo;california/santa-clara,2,10,approved,Publisher masthead/service area and observed local reporting support the listed canonical counties; cities were resolved within their state. Directory approval does not grant county-tier trust.
nripulse.com,NRI Pulse,georgia/forsyth;georgia/gwinnett,1,10,pending,Needs current publisher identity and county service-area review; raw search matches alone are insufficient.
plantservices.com,Plant Services,north-carolina/catawba;georgia/hall,0,15,pending,Needs current publisher identity and county service-area review; raw search matches alone are insufficient.
mysuncoast.com,Mysuncoast,florida/manatee;florida/charlotte,1,15,pending,Needs current publisher identity and county service-area review; raw search matches alone are insufficient.
popularmechanics.com,Popular Mechanics,wisconsin/marinette;arkansas/van-buren,1,15,pending,Needs current publisher identity and county service-area review; raw search matches alone are insufficient.
sciencedaily.com,Science Daily,florida/okeechobee;new-mexico/sierra,1,15,pending,Needs current publisher identity and county service-area review; raw search matches alone are insufficient.
ntd.com,NTD News,california/mariposa;tennessee/shelby,0,10,pending,Needs current publisher identity and county service-area review; raw search matches alone are insufficient.
potomaclocal.com,Potomac Local News,virginia/stafford;virginia/manassas,1,10,approved,"Publisher explicitly limits its local reporting to Prince William and Stafford counties and Manassas, Fredericksburg and Manassas Park cities."
sciotopost.com,Scioto Post,ohio/pickaway;ohio/ross,7,15,approved,Publisher masthead/service area and observed local reporting support the listed canonical counties; cities were resolved within their state. Directory approval does not grant county-tier trust.
runnersworld.com,Runner's World,colorado/san-juan;colorado/lake,0,15,pending,Needs current publisher identity and county service-area review; raw search matches alone are insufficient.
roanoke-chowannewsherald.com,The Roanoke-Chowan News-Herald,north-carolina/gates;north-carolina/hertford,1,15,pending,Needs current publisher identity and county service-area review; raw search matches alone are insufficient.
signalscv.com,SignalSCV,texas/williamson;california/los-angeles,5,15,held,Robots unavailable: HTTP 403
siliconprairienews.com,Silicon Prairie News,nebraska/sarpy;nebraska/thayer,0,10,pending,Needs current publisher identity and county service-area review; raw search matches alone are insufficient.
securityinfowatch.com,Security Info Watch,california/sonoma;mississippi/tunica,0,15,pending,Needs current publisher identity and county service-area review; raw search matches alone are insufficient.
starherald.net,The Star-Herald,mississippi/attala;mississippi/choctaw,1,10,pending,Needs current publisher identity and county service-area review; raw search matches alone are insufficient.
techcrunch.com,TechCrunch,california/solano;texas/grimes,0,15,pending,Needs current publisher identity and county service-area review; raw search matches alone are insufficient.
thebaynet.com,The BayNet,maryland/calvert;maryland/charles,0,10,pending,Needs current publisher identity and county service-area review; raw search matches alone are insufficient.
therealnews.com,The Real News Network,maryland/howard;utah/morgan,1,15,pending,Needs current publisher identity and county service-area review; raw search matches alone are insufficient.
techtimes.com,techtimes,kentucky/mccracken;indiana/tippecanoe,0,15,pending,Needs current publisher identity and county service-area review; raw search matches alone are insufficient.
siouxcountyradio.com,Sioux County Radio,iowa/sioux;iowa/des-moines,2,10,approved,Publisher masthead/service area and observed local reporting support the listed canonical counties; cities were resolved within their state. Directory approval does not grant county-tier trust.
timesenterprise.com,Thomasville Times-Enterprise,georgia/thomas;georgia/camden,1,10,pending,Needs current publisher identity and county service-area review; raw search matches alone are insufficient.
theverge.com,The Verge,texas/pecos;virginia/loudoun,0,10,pending,Needs current publisher identity and county service-area review; raw search matches alone are insufficient.
supertalk.fm,SuperTalk Mississippi,mississippi/neshoba;mississippi/humphreys,0,10,pending,Needs current publisher identity and county service-area review; raw search matches alone are insufficient.
tiffinohio.net,Tiffinohio,ohio/seneca;ohio/sandusky,0,15,pending,Needs current publisher identity and county service-area review; raw search matches alone are insufficient.
torontosun.com,Toronto Sun,texas/hemphill;ohio/medina,1,10,pending,Needs current publisher identity and county service-area review; raw search matches alone are insufficient.
trtworld.com,TRT World,texas/maverick;montana/flathead,0,15,pending,Needs current publisher identity and county service-area review; raw search matches alone are insufficient.
vermontbiz.com,Vermont Business Magazine,vermont/addison;vermont/franklin,0,10,pending,Needs current publisher identity and county service-area review; raw search matches alone are insufficient.
washingtonblade.com,Washington Blade,maryland/baltimore;virginia/winchester,0,10,pending,Needs current publisher identity and county service-area review; raw search matches alone are insufficient.
tillamookcountypioneer.net,Tillamook County Pioneer,oregon/clatsop;oregon/tillamook,4,10,approved,"Publisher explicitly identifies Tillamook County, Oregon. Clatsop observation is not sufficient for directory approval."
virginiamercury.com,Virginia Mercury,virginia/franklin;virginia/manassas,2,15,approved,"State-focused newsroom identified by the States Newsroom network directory and verified on the publisher website. Listed as a statewide supplement, not as a county-based newsroom."
weareiowa.com,We Are Iowa,iowa/wapello;iowa/poweshiek,0,15,pending,Needs current publisher identity and county service-area review; raw search matches alone are insufficient.
wgno.com,WGNO,mississippi/wilkinson;louisiana/orleans,7,15,held,HTTP 403
wdtv.com,WDTV,west-virginia/mason;west-virginia/upshur,0,15,pending,Needs current publisher identity and county service-area review; raw search matches alone are insufficient.
wect.com,WECT TV6,north-carolina/brunswick;north-carolina/new-hanover,2,15,approved,"Publisher explicitly identifies New Hanover, Brunswick, Pender, Bladen and Columbus counties in its service-area description."
whitehouse.gov,The White House,district-of-columbia/district-of-columbia;texas/maverick,0,15,pending,Needs current publisher identity and county service-area review; raw search matches alone are insufficient.
watfordcitynd.com,McKenzie County Farmer,north-dakota/mckenzie;north-dakota/oliver,3,15,approved,"Publisher explicitly identifies Watford City and McKenzie County, North Dakota; erroneous additional counties are excluded."
telanganatoday.com,Telangana Today,north-carolina/caswell;california/orange,0,15,pending,Needs current publisher identity and county service-area review; raw search matches alone are insufficient.
wave3.com,WAVE3,indiana/owen;kentucky/henry,0,15,pending,Needs current publisher identity and county service-area review; raw search matches alone are insufficient.
who13.com,WHO13,iowa/polk;iowa/calhoun,3,11,held,HTTP 403
wcjb.com,WCJB TV20,florida/marion;georgia/marion,2,15,approved,"Publisher explicitly covers Gainesville, Ocala and Lake City, mapped to Alachua, Marion and Columbia counties, Florida. Exclude the Georgia namesake."
wmdt.com,WMDT,maryland/somerset;maryland/worcester,2,10,approved,Publisher masthead/service area and observed local reporting support the listed canonical counties; cities were resolved within their state. Directory approval does not grant county-tier trust.
wnyt.com,Wnyt,new-york/rensselaer;vermont/washington,3,15,approved,"Publisher explicitly names Albany, Troy, Schenectady and Saratoga Springs in its Capital Region service area."
wpr.org,Wisconsin Public Radio,wisconsin/rock;wisconsin/la-crosse,0,10,pending,Needs current publisher identity and county service-area review; raw search matches alone are insufficient.
whsv.com,WHSV,virginia/rockingham;virginia/harrisonburg,1,15,approved,"Publisher explicitly names Harrisonburg, Staunton and Waynesboro and covers Rockingham County in the Shenandoah Valley."
wrtv.com,WRTV,indiana/allen;indiana/elkhart,0,3,pending,Needs current publisher identity and county service-area review; raw search matches alone are insufficient.
wsav.com,WSAV-TV,south-carolina/hampton;south-carolina/beaufort,0,10,pending,Needs current publisher identity and county service-area review; raw search matches alone are insufficient.
wrbiradio.com,WRBI Radio,indiana/switzerland;kentucky/clay,0,10,pending,Needs current publisher identity and county service-area review; raw search matches alone are insufficient.
yellowhammernews.com,Yellowhammer News,georgia/cherokee;alabama/cherokee,1,15,pending,Needs current publisher identity and county service-area review; raw search matches alone are insufficient.
wilx.com,WILX,michigan/livingston;michigan/clare,0,15,pending,Needs current publisher identity and county service-area review; raw search matches alone are insufficient.
yourerie.com,YourErie,pennsylvania/warren;ohio/crawford,0,10,pending,Needs current publisher identity and county service-area review; raw search matches alone are insufficient.
wtap.com,WTAP,ohio/washington;south-carolina/chesterfield,1,15,approved,Publisher masthead/service area and observed local reporting support the listed canonical counties; cities were resolved within their state. Directory approval does not grant county-tier trust.
wtvy.com,WTVY,alabama/henry;alabama/houston,3,15,approved,Publisher masthead/service area and observed local reporting support the listed canonical counties; cities were resolved within their state. Directory approval does not grant county-tier trust.
